,ID,Cond,Sex,Age,Pol,Art01,Art02,Art03,Art04,Art05,Art06,Art07,Art08,Art09,Art10,Art11,Art12,Art13,Art14,Art15,Art16,Art17,Art18,Art19,Art20,Cor01,Cor02,Cor03,Cor04,Cor05,Cor06,Cor07,Cor08,Cor09,Cor10,Cor11,Cor12,Cor13,Cor14,Cor15,Cor16,Cor17,Cor18,Cor19,Cor20,TotCor
0,A2BW6WD7LZ9EGV,T1,1.0,29.0,5.0,2.0,3.0,2.0,3.0,2.0,2.0,4.0,2.0,1.0,1.0,1.0,2.0,3.0,4.0,4.0,4.0,2.0,3.0,3.0,3.0,1,0,1,0,1,1,0,1,1,1,1,0,1,0,1,1,0,0,0,0,11
1,AXMPSUNKUBEIL,C,1.0,37.0,4.0,2.0,3.0,2.0,2.0,4.0,2.0,2.0,3.0,1.0,1.0,1.0,4.0,4.0,4.0,4.0,3.0,3.0,5.0,4.0,5.0,1,0,1,1,0,1,1,0,1,1,1,0,0,0,1,0,0,1,0,1,11
2,A2JP8W265WCC35,T1,2.0,49.0,5.0,1.0,2.0,2.0,2.0,4.0,2.0,2.0,2.0,1.0,1.0,1.0,3.0,2.0,4.0,1.0,4.0,3.0,5.0,5.0,4.0,0,1,1,1,0,1,1,1,1,1,1,1,0,0,0,1,0,1,1,0,13
3,A207IHY6GERCFO,C,1.0,36.0,1.0,2.0,4.0,3.0,3.0,3.0,3.0,3.0,2.0,1.0,1.0,1.0,4.0,4.0,4.0,3.0,3.0,5.0,4.0,5.0,4.0,1,0,0,0,0,0,0,1,1,1,1,0,0,0,0,0,0,0,1,0,6
4,A1V2H0UF94ATWY,C,1.0,59.0,4.0,5.0,3.0,2.0,2.0,4.0,2.0,2.0,2.0,1.0,1.0,1.0,3.0,3.0,5.0,3.0,3.0,4.0,5.0,4.0,3.0,0,0,1,1,0,1,1,1,1,1,1,1,1,0,0,0,1,1,0,0,12
5,A3RYI5HXC2MJLN,C,1.0,38.0,4.0,5.0,4.0,4.0,5.0,5.0,5.0,2.0,3.0,1.0,1.0,1.0,3.0,5.0,3.0,4.0,4.0,5.0,5.0,4.0,2.0,0,0,0,0,0,0,1,0,1,1,1,1,0,1,1,1,0,1,0,0,9
6,APGX2WZ59OWDN,T1,2.0,25.0,5.0,3.0,4.0,3.0,2.0,3.0,2.0,2.0,2.0,1.0,1.0,1.0,4.0,4.0,5.0,3.0,3.0,3.0,5.0,5.0,4.0,0,0,0,1,0,1,1,1,1,1,1,0,0,0,0,0,0,1,1,0,9
7,A19CB2C4GY4C60,C,1.0,31.0,2.0,4.0,3.0,2.0,4.0,4.0,2.0,3.0,2.0,1.0,1.0,1.0,5.0,4.0,3.0,3.0,3.0,4.0,5.0,5.0,4.0,0,0,1,0,0,1,0,1,1,1,1,0,0,1,0,0,1,1,1,0,10
8,A36SM7QM8OK3H6,C,2.0,32.0,5.0,3.0,3.0,2.0,2.0,3.0,2.0,2.0,2.0,1.0,1.0,1.0,4.0,4.0,4.0,5.0,4.0,4.0,5.0,4.0,4.0,0,0,1,1,0,1,1,1,1,1,1,0,0,0,0,1,1,1,0,0,11
9,A3U6IA3JUSFZ2M,T1,2.0,37.0,5.0,5.0,3.0,3.0,3.0,2.0,2.0,2.0,2.0,1.0,5.0,1.0,3.0,3.0,3.0,3.0,3.0,3.0,3.0,4.0,2.0,0,0,0,0,1,1,1,1,1,0,1,1,1,1,0,0,0,0,0,0,9
10,A320QA9HJFUOZO,T2,1.0,32.0,4.0,3.0,3.0,3.0,3.0,4.0,2.0,3.0,2.0,1.0,1.0,1.0,4.0,4.0,3.0,3.0,4.0,4.0,5.0,4.0,4.0,0,0,0,0,0,1,0,1,1,1,1,0,0,1,0,1,1,1,0,0,9
11,ACDTQNYOT3GG8,T2,2.0,40.0,5.0,5.0,2.0,2.0,2.0,3.0,2.0,3.0,2.0,1.0,1.0,1.0,4.0,3.0,2.0,5.0,2.0,2.0,2.0,5.0,3.0,0,1,1,1,0,1,0,1,1,1,1,0,1,0,0,0,0,0,1,0,10
12,A3N0QZ9ZKUCTCQ,C,1.0,30.0,2.0,1.0,2.0,3.0,3.0,2.0,2.0,3.0,3.0,1.0,5.0,1.0,4.0,4.0,3.0,4.0,4.0,5.0,5.0,4.0,4.0,0,1,0,0,1,1,0,0,1,0,1,0,0,1,1,1,0,1,0,0,9
13,A2NA2OJT15COZY,T1,1.0,36.0,2.0,2.0,2.0,2.0,2.0,4.0,5.0,3.0,2.0,5.0,1.0,1.0,4.0,4.0,3.0,3.0,3.0,3.0,2.0,2.0,3.0,1,1,1,1,0,0,0,1,0,1,1,0,0,1,0,0,0,0,0,0,8
14,A18G2CLYSTENK,T2,1.0,30.0,4.0,5.0,4.0,4.0,5.0,1.0,3.0,3.0,4.0,1.0,2.0,2.0,5.0,3.0,4.0,2.0,3.0,4.0,3.0,4.0,5.0,0,0,0,0,0,0,0,0,1,0,0,0,1,0,0,0,1,0,0,1,4
15,AA9V4NE8SOA4I,C,1.0,49.0,4.0,5.0,4.0,2.0,3.0,4.0,2.0,4.0,2.0,1.0,2.0,1.0,3.0,1.0,3.0,2.0,3.0,4.0,4.0,4.0,2.0,0,0,1,0,0,1,0,1,1,0,1,1,0,1,0,0,1,0,0,0,8
16,A2TBXASXZIRNNW,T1,1.0,31.0,2.0,5.0,4.0,5.0,5.0,4.0,2.0,3.0,2.0,1.0,5.0,1.0,3.0,3.0,3.0,1.0,3.0,5.0,1.0,4.0,3.0,0,0,0,0,0,1,0,1,1,0,1,1,1,1,0,0,0,0,0,0,7
17,A20NITCOBY4775,T1,2.0,61.0,5.0,2.0,3.0,2.0,2.0,3.0,2.0,2.0,2.0,2.0,1.0,1.0,2.0,3.0,3.0,3.0,3.0,3.0,3.0,5.0,3.0,1,0,1,1,0,1,1,1,0,1,1,0,1,1,0,0,0,0,1,0,11
18,ABMPX2Y2IRBMG,T2,1.0,34.0,5.0,2.0,3.0,3.0,3.0,4.0,2.0,2.0,2.0,1.0,1.0,1.0,3.0,4.0,4.0,4.0,4.0,4.0,5.0,4.0,5.0,1,0,0,0,0,1,1,1,1,1,1,1,0,0,1,1,1,1,0,1,13
19,A5YVMQWA2IYPF,C,1.0,42.0,4.0,5.0,4.0,1.0,3.0,2.0,2.0,3.0,3.0,5.0,2.0,2.0,4.0,3.0,5.0,3.0,3.0,5.0,2.0,5.0,4.0,0,0,0,0,1,1,0,0,0,0,0,0,1,0,0,0,0,0,1,0,4
20,A1YSYI926BBOHW,T2,1.0,35.0,5.0,5.0,3.0,2.0,2.0,2.0,1.0,2.0,2.0,1.0,1.0,3.0,4.0,5.0,5.0,3.0,3.0,2.0,5.0,5.0,3.0,0,0,1,1,1,0,1,1,1,1,0,0,0,0,0,0,0,1,1,0,9
21,A4SC8G0149GEG,T1,1.0,28.0,4.0,2.0,3.0,2.0,3.0,3.0,2.0,2.0,2.0,1.0,1.0,1.0,3.0,3.0,5.0,4.0,3.0,3.0,5.0,5.0,5.0,1,0,1,0,0,1,1,1,1,1,1,1,1,0,1,0,0,1,1,1,14
22,A149ROBL26JWPJ,T2,1.0,29.0,2.0,3.0,3.0,2.0,2.0,3.0,2.0,3.0,2.0,1.0,5.0,1.0,4.0,4.0,4.0,4.0,3.0,3.0,5.0,4.0,3.0,0,0,1,1,0,1,0,1,1,0,1,0,0,0,1,0,0,1,0,0,8
23,A3A8P4UR9A0DWQ,T1,2.0,43.0,1.0,5.0,2.0,1.0,3.0,2.0,5.0,4.0,3.0,1.0,2.0,1.0,3.0,3.0,5.0,3.0,4.0,2.0,3.0,3.0,4.0,0,1,0,0,1,0,0,0,1,0,1,1,1,0,0,1,0,0,0,0,7
24,AOAZMLP27GD81,C,1.0,39.0,4.0,3.0,3.0,2.0,2.0,2.0,2.0,2.0,2.0,1.0,1.0,1.0,3.0,3.0,5.0,4.0,3.0,5.0,5.0,5.0,4.0,0,0,1,1,1,1,1,1,1,1,1,1,1,0,1,0,0,1,1,0,14
25,A3RR85PK3AV9TU,C,1.0,32.0,5.0,3.0,3.0,2.0,4.0,3.0,2.0,2.0,2.0,1.0,1.0,1.0,3.0,4.0,3.0,4.0,3.0,2.0,5.0,5.0,4.0,0,0,1,0,0,1,1,1,1,1,1,1,0,1,1,0,0,1,1,0,12
26,AEQ95NMC3VXQ5,T2,2.0,63.0,5.0,2.0,4.0,2.0,3.0,2.0,3.0,2.0,2.0,1.0,1.0,3.0,4.0,2.0,3.0,3.0,3.0,2.0,3.0,5.0,5.0,1,0,1,0,1,0,1,1,1,1,0,0,0,1,0,0,0,0,1,1,10
28,A1KET5Z038NMWD,T2,2.0,37.0,3.0,2.0,4.0,3.0,3.0,4.0,3.0,2.0,4.0,1.0,1.0,1.0,2.0,3.0,3.0,3.0,3.0,4.0,3.0,4.0,2.0,1,0,0,0,0,0,1,0,1,1,1,0,1,1,0,0,1,0,0,0,8
29,A3CQDCNYJAX2X3,T2,2.0,29.0,5.0,3.0,3.0,2.0,3.0,3.0,2.0,2.0,2.0,1.0,1.0,1.0,4.0,4.0,4.0,5.0,3.0,3.0,5.0,4.0,4.0,0,0,1,0,0,1,1,1,1,1,1,0,0,0,0,0,0,1,0,0,8
30,A2PXJTMWGUE5DC,C,2.0,60.0,2.0,5.0,3.0,2.0,2.0,3.0,2.0,2.0,2.0,1.0,1.0,1.0,4.0,3.0,2.0,1.0,3.0,3.0,5.0,4.0,4.0,0,0,1,1,0,1,1,1,1,1,1,0,1,0,0,0,0,1,0,0,10
31,A2SWQM5X54P1O5,T1,2.0,32.0,3.0,2.0,3.0,2.0,2.0,4.0,1.0,2.0,2.0,1.0,1.0,1.0,3.0,3.0,3.0,3.0,4.0,3.0,2.0,4.0,3.0,1,0,1,1,0,0,1,1,1,1,1,1,1,1,0,1,0,0,0,0,12
32,AYBYMDBEBK5Z,C,2.0,44.0,4.0,3.0,2.0,3.0,3.0,3.0,1.0,2.0,2.0,1.0,1.0,3.0,4.0,2.0,4.0,5.0,3.0,3.0,5.0,5.0,5.0,0,1,0,0,0,0,1,1,1,1,0,0,0,0,0,0,0,1,1,1,8
33,A1F1BIPJR11LSR,T2,3.0,33.0,4.0,5.0,3.0,2.0,2.0,4.0,2.0,2.0,2.0,1.0,2.0,1.0,4.0,3.0,4.0,3.0,3.0,3.0,5.0,3.0,4.0,0,0,1,1,0,1,1,1,1,0,1,0,1,0,0,0,0,1,0,0,9
34,A103XX92AATRSG,T1,2.0,29.0,3.0,2.0,4.0,3.0,3.0,4.0,3.0,3.0,3.0,1.0,1.0,1.0,5.0,4.0,3.0,3.0,3.0,4.0,5.0,4.0,2.0,1,0,0,0,0,0,0,0,1,1,1,0,0,1,0,0,1,1,0,0,7
35,A2I960JYUZ8KAV,T2,1.0,27.0,5.0,2.0,2.0,3.0,2.0,4.0,2.0,3.0,2.0,1.0,1.0,1.0,3.0,2.0,5.0,4.0,3.0,3.0,3.0,4.0,2.0,1,1,0,1,0,1,0,1,1,1,1,1,0,0,1,0,0,0,0,0,10
36,A3I1W58P6SIV26,T1,1.0,33.0,2.0,5.0,5.0,2.0,3.0,2.0,2.0,3.0,2.0,1.0,1.0,5.0,3.0,3.0,5.0,2.0,3.0,4.0,5.0,5.0,4.0,0,0,1,0,1,1,0,1,1,1,0,1,1,0,0,0,1,1,1,0,11
37,AQORJW4W8U9YU,T2,1.0,32.0,4.0,5.0,4.0,1.0,5.0,4.0,5.0,3.0,3.0,1.0,2.0,3.0,2.0,5.0,5.0,3.0,2.0,4.0,2.0,4.0,2.0,0,0,0,0,0,0,0,0,1,0,0,0,0,0,0,0,1,0,0,0,2
38,A3RWDYQD1331VH,T2,2.0,34.0,3.0,5.0,1.0,2.0,3.0,4.0,5.0,4.0,1.0,1.0,3.0,4.0,4.0,4.0,5.0,3.0,5.0,1.0,4.0,4.0,3.0,0,0,1,0,0,0,0,0,1,0,0,0,0,0,0,0,0,0,0,0,2
39,A2RR3R75ECQSKE,C,3.0,,7.0,5.0,4.0,2.0,5.0,4.0,3.0,1.0,4.0,3.0,5.0,4.0,4.0,1.0,5.0,3.0,4.0,3.0,4.0,4.0,5.0,0,0,1,0,0,0,0,0,0,0,0,0,0,0,0,1,0,0,0,1,3
40,A2QQY4S73JO639,T1,1.0,36.0,4.0,2.0,4.0,2.0,5.0,4.0,1.0,2.0,2.0,2.0,5.0,2.0,2.0,1.0,2.0,5.0,1.0,4.0,2.0,4.0,3.0,1,0,1,0,0,0,1,1,0,0,0,0,0,0,0,0,1,0,0,0,5
41,a1vl7507uonpx0,T2,1.0,41.0,4.0,2.0,4.0,3.0,4.0,3.0,2.0,2.0,2.0,1.0,1.0,2.0,3.0,4.0,4.0,5.0,3.0,3.0,5.0,4.0,5.0,1,0,0,0,0,1,1,1,1,1,0,1,0,0,0,0,0,1,0,1,9
42,A1T6RFUU0OTS0M,T2,2.0,26.0,4.0,2.0,4.0,2.0,5.0,4.0,2.0,4.0,4.0,1.0,2.0,1.0,3.0,2.0,3.0,1.0,3.0,3.0,4.0,5.0,4.0,1,0,1,0,0,1,0,0,1,0,1,1,0,1,0,0,0,0,1,0,8
43,A1GLF2427E02YG,T2,2.0,35.0,5.0,4.0,3.0,2.0,2.0,2.0,2.0,2.0,2.0,1.0,1.0,1.0,2.0,3.0,3.0,4.0,3.0,3.0,5.0,5.0,4.0,0,0,1,1,1,1,1,1,1,1,1,0,1,1,1,0,0,1,1,0,14
44,A1DVKS3R9SLQ1H,C,1.0,28.0,1.0,3.0,4.0,4.0,3.0,4.0,2.0,3.0,3.0,1.0,2.0,1.0,3.0,3.0,1.0,5.0,5.0,3.0,3.0,4.0,2.0,0,0,0,0,0,1,0,0,1,0,1,1,1,0,0,0,0,0,0,0,5
45,A2AWBDW9V1E9KT,T1,1.0,37.0,5.0,2.0,3.0,2.0,2.0,3.0,2.0,2.0,2.0,1.0,1.0,1.0,3.0,4.0,3.0,5.0,4.0,3.0,5.0,3.0,4.0,1,0,1,1,0,1,1,1,1,1,1,1,0,1,0,1,0,1,0,0,13
46,ACDX50KGPE97I,T1,1.0,30.0,2.0,5.0,4.0,2.0,2.0,3.0,5.0,2.0,5.0,1.0,1.0,5.0,4.0,3.0,4.0,5.0,3.0,4.0,5.0,4.0,5.0,0,0,1,1,0,0,1,0,1,1,0,0,1,0,0,0,1,1,0,1,9
47,AKZ8SFOAI4RZN,T1,1.0,31.0,5.0,2.0,3.0,2.0,2.0,4.0,1.0,2.0,2.0,1.0,1.0,1.0,4.0,3.0,3.0,5.0,3.0,3.0,5.0,5.0,4.0,1,0,1,1,0,0,1,1,1,1,1,0,1,1,0,0,0,1,1,0,12
48,A2WGW5Y3ZFBDEC,T2,1.0,48.0,1.0,3.0,3.0,3.0,3.0,2.0,2.0,2.0,2.0,1.0,1.0,1.0,4.0,3.0,5.0,5.0,4.0,3.0,5.0,5.0,4.0,0,0,0,0,1,1,1,1,1,1,1,0,1,0,0,1,0,1,1,0,11
49,ARJ6SPCZJVARE,T1,1.0,28.0,3.0,5.0,3.0,3.0,3.0,4.0,1.0,4.0,2.0,1.0,1.0,4.0,4.0,5.0,5.0,3.0,4.0,3.0,2.0,4.0,5.0,0,0,0,0,0,0,0,1,1,1,0,0,0,0,0,1,0,0,0,1,5
50,A3SLY0SJLJZ0J1,C,1.0,25.0,5.0,3.0,4.0,2.0,2.0,4.0,2.0,4.0,3.0,4.0,1.0,4.0,4.0,4.0,3.0,1.0,2.0,2.0,5.0,3.0,5.0,0,0,1,1,0,1,0,0,0,1,0,0,0,1,0,0,0,1,0,1,7
51,A3HW4QDJB63OQ2,T2,1.0,29.0,2.0,2.0,5.0,3.0,3.0,4.0,2.0,4.0,3.0,1.0,1.0,3.0,4.0,4.0,3.0,1.0,4.0,3.0,2.0,4.0,4.0,1,0,0,0,0,1,0,0,1,1,0,0,0,1,0,1,0,0,0,0,6
52,A3PRX6CU0P34NE,C,1.0,30.0,5.0,3.0,3.0,4.0,3.0,2.0,2.0,2.0,2.0,1.0,1.0,1.0,3.0,3.0,3.0,5.0,3.0,3.0,5.0,4.0,4.0,0,0,0,0,1,1,1,1,1,1,1,1,1,1,0,0,0,1,0,0,11
53,A3IR7DFEKLLLO,T2,1.0,42.0,2.0,2.0,2.0,3.0,2.0,3.0,2.0,2.0,2.0,1.0,1.0,1.0,3.0,3.0,4.0,4.0,3.0,4.0,3.0,5.0,4.0,1,1,0,1,0,1,1,1,1,1,1,1,1,0,1,0,1,0,1,0,14
54,A2YE7NBCK14VAQ,C,1.0,39.0,4.0,2.0,2.0,2.0,2.0,3.0,2.0,3.0,2.0,2.0,2.0,2.0,5.0,3.0,2.0,3.0,3.0,2.0,5.0,3.0,3.0,1,1,1,1,0,1,0,1,0,0,0,0,1,0,0,0,0,1,0,0,8
55,AU2NVT51E749C,T2,1.0,41.0,2.0,3.0,3.0,3.0,3.0,2.0,2.0,2.0,2.0,1.0,2.0,1.0,5.0,3.0,3.0,5.0,4.0,3.0,5.0,5.0,4.0,0,0,0,0,1,1,1,1,1,0,1,0,1,1,0,1,0,1,1,0,11
56,A1LZWU72K42V92,C,1.0,50.0,4.0,3.0,4.0,2.0,3.0,2.0,2.0,4.0,2.0,1.0,1.0,3.0,2.0,4.0,4.0,3.0,3.0,5.0,4.0,4.0,3.0,0,0,1,0,1,1,0,1,1,1,0,0,0,0,0,0,0,0,0,0,6
57,A2IUT0610X9CV0,T2,1.0,32.0,5.0,5.0,3.0,1.0,2.0,2.0,4.0,2.0,4.0,2.0,2.0,1.0,4.0,5.0,5.0,3.0,5.0,5.0,3.0,5.0,3.0,0,0,0,1,1,0,1,0,0,0,1,0,0,0,0,0,0,0,1,0,5
58,A1AJG4BGSRPC93,T1,2.0,35.0,5.0,2.0,3.0,3.0,4.0,3.0,2.0,3.0,2.0,5.0,1.0,1.0,3.0,3.0,4.0,2.0,3.0,3.0,4.0,4.0,3.0,1,0,0,0,0,1,0,1,0,1,1,1,1,0,0,0,0,0,0,0,7
59,AYDILOZLKOAS8,T2,1.0,34.0,4.0,3.0,2.0,2.0,4.0,2.0,2.0,2.0,3.0,1.0,1.0,1.0,3.0,3.0,4.0,3.0,3.0,2.0,5.0,2.0,4.0,0,1,1,0,1,1,1,0,1,1,1,1,1,0,0,0,0,1,0,0,11
60,A1M1TSMJB12177,T2,1.0,61.0,5.0,2.0,2.0,2.0,3.0,2.0,2.0,2.0,2.0,1.0,1.0,1.0,3.0,2.0,5.0,5.0,4.0,3.0,2.0,4.0,5.0,1,1,1,0,1,1,1,1,1,1,1,1,0,0,0,1,0,0,0,1,13
61,A171S8E9IFSHH2,T2,1.0,32.0,3.0,3.0,4.0,2.0,5.0,4.0,2.0,2.0,2.0,5.0,1.0,4.0,3.0,3.0,5.0,5.0,4.0,4.0,3.0,4.0,3.0,0,0,1,0,0,1,1,1,0,1,0,1,1,0,0,1,1,0,0,0,9
62,A130P4M9JPT4YA,C,1.0,49.0,4.0,2.0,4.0,3.0,3.0,2.0,2.0,2.0,2.0,1.0,1.0,1.0,4.0,3.0,4.0,4.0,3.0,3.0,5.0,5.0,4.0,1,0,0,0,1,1,1,1,1,1,1,0,1,0,1,0,0,1,1,0,12
63,A2S96ZZ70YFPSK,T1,2.0,45.0,5.0,5.0,4.0,5.0,3.0,4.0,5.0,3.0,2.0,1.0,1.0,1.0,3.0,4.0,4.0,3.0,4.0,3.0,4.0,5.0,3.0,0,0,0,0,0,0,0,1,1,1,1,1,0,0,0,1,0,0,1,0,7
64,A3QZMGTVA4VO44,T2,1.0,36.0,1.0,5.0,4.0,3.0,5.0,5.0,2.0,2.0,3.0,1.0,2.0,3.0,3.0,5.0,3.0,2.0,5.0,2.0,3.0,4.0,2.0,0,0,0,0,0,1,1,0,1,0,0,1,0,1,0,0,0,0,0,0,5
65,A1IFIK8J49WBER,T1,2.0,57.0,2.0,5.0,4.0,2.0,5.0,2.0,2.0,4.0,3.0,1.0,2.0,1.0,3.0,3.0,5.0,1.0,3.0,4.0,2.0,5.0,1.0,0,0,1,0,1,1,0,0,1,0,1,1,1,0,0,0,1,0,1,0,9
66,A175ZTL2OZO9YU,T1,2.0,48.0,4.0,2.0,4.0,2.0,2.0,3.0,2.0,4.0,2.0,1.0,1.0,1.0,5.0,3.0,3.0,5.0,5.0,4.0,5.0,4.0,5.0,1,0,1,1,0,1,0,1,1,1,1,0,1,1,0,0,1,1,0,1,13
68,A2SKH7WZUEDGGI,C,1.0,39.0,7.0,4.0,4.0,3.0,5.0,4.0,2.0,1.0,2.0,2.0,5.0,2.0,5.0,3.0,4.0,5.0,2.0,2.0,4.0,2.0,3.0,0,0,0,0,0,1,0,1,0,0,0,0,1,0,0,0,0,0,0,0,3
69,A22QD6M0A2C77C,C,1.0,46.0,4.0,5.0,4.0,3.0,2.0,4.0,2.0,3.0,2.0,1.0,1.0,1.0,4.0,3.0,4.0,3.0,3.0,2.0,5.0,4.0,3.0,0,0,0,1,0,1,0,1,1,1,1,0,1,0,0,0,0,1,0,0,8
70,A26GF078IX9A43,T2,2.0,40.0,5.0,3.0,3.0,2.0,5.0,4.0,2.0,2.0,2.0,1.0,1.0,1.0,5.0,5.0,2.0,5.0,3.0,3.0,5.0,5.0,3.0,0,0,1,0,0,1,1,1,1,1,1,0,0,0,0,0,0,1,1,0,9
71,A39N0WW02VT0MB,T1,1.0,26.0,6.0,3.0,3.0,5.0,4.0,4.0,4.0,2.0,3.0,3.0,3.0,5.0,3.0,5.0,4.0,5.0,3.0,3.0,5.0,1.0,4.0,0,0,0,0,0,0,1,0,0,0,0,1,0,0,0,0,0,1,0,0,3
72,A2XI3DX3IJ1TAV,C,2.0,38.0,2.0,5.0,4.0,4.0,5.0,2.0,2.0,5.0,3.0,1.0,1.0,3.0,4.0,5.0,5.0,3.0,5.0,5.0,4.0,4.0,4.0,0,0,0,0,1,1,0,0,1,1,0,0,0,0,0,0,0,0,0,0,4
73,A1945USNZHTROX,T2,1.0,39.0,4.0,3.0,2.0,2.0,2.0,3.0,2.0,3.0,2.0,1.0,1.0,1.0,2.0,4.0,5.0,5.0,5.0,3.0,5.0,5.0,2.0,0,1,1,1,0,1,0,1,1,1,1,0,0,0,0,0,0,1,1,0,10
74,A1JKSAQ8UNCE7B,T2,2.0,45.0,2.0,5.0,5.0,3.0,5.0,5.0,3.0,3.0,2.0,1.0,2.0,1.0,4.0,3.0,3.0,5.0,4.0,5.0,5.0,5.0,5.0,0,0,0,0,0,0,0,1,1,0,1,0,1,1,0,1,0,1,1,1,9
75,ANFWGSQ8BQRZ,C,1.0,44.0,4.0,3.0,2.0,2.0,3.0,4.0,2.0,2.0,2.0,1.0,1.0,1.0,4.0,3.0,4.0,5.0,4.0,3.0,4.0,5.0,4.0,0,1,1,0,0,1,1,1,1,1,1,0,1,0,0,1,0,0,1,0,11
76,A1PAY3X73PQ16S,C,2.0,51.0,5.0,5.0,3.0,3.0,4.0,4.0,3.0,3.0,3.0,1.0,1.0,1.0,4.0,4.0,3.0,5.0,3.0,4.0,2.0,4.0,5.0,0,0,0,0,0,0,0,0,1,1,1,0,0,1,0,0,1,0,0,1,6
77,A2MCG5W6LHSRG9,T1,1.0,34.0,5.0,5.0,3.0,5.0,4.0,4.0,5.0,3.0,2.0,1.0,1.0,1.0,3.0,5.0,4.0,4.0,3.0,3.0,5.0,5.0,4.0,0,0,0,0,0,0,0,1,1,1,1,1,0,0,1,0,0,1,1,0,8
78,A3UV55HC87DO9C,C,1.0,28.0,4.0,2.0,5.0,5.0,5.0,2.0,1.0,5.0,3.0,1.0,2.0,2.0,5.0,3.0,3.0,3.0,5.0,2.0,3.0,5.0,3.0,1,0,0,0,1,0,0,0,1,0,0,0,1,1,0,0,0,0,1,0,6
79,A3OJCWC178255T,T1,2.0,31.0,4.0,3.0,3.0,2.0,3.0,2.0,2.0,2.0,2.0,1.0,1.0,1.0,4.0,3.0,2.0,3.0,3.0,3.0,3.0,4.0,3.0,0,0,1,0,1,1,1,1,1,1,1,0,1,0,0,0,0,0,0,0,9
80,A610SH5RY1NG1,T2,1.0,35.0,5.0,5.0,2.0,2.0,3.0,4.0,5.0,3.0,2.0,1.0,1.0,1.0,4.0,2.0,3.0,3.0,3.0,4.0,2.0,5.0,5.0,0,1,1,0,0,0,0,1,1,1,1,0,0,1,0,0,1,0,1,1,10
81,A3HTLXAPOBCVVO,T1,2.0,49.0,4.0,3.0,3.0,2.0,3.0,3.0,3.0,2.0,2.0,1.0,1.0,1.0,4.0,3.0,4.0,3.0,4.0,3.0,3.0,5.0,5.0,0,0,1,0,0,0,1,1,1,1,1,0,1,0,0,1,0,0,1,1,10
82,A3BHRFFG75X3GO,C,1.0,37.0,5.0,5.0,4.0,2.0,4.0,3.0,2.0,2.0,2.0,1.0,1.0,1.0,3.0,4.0,3.0,4.0,4.0,4.0,5.0,4.0,4.0,0,0,1,0,0,1,1,1,1,1,1,1,0,1,1,1,1,1,0,0,13
83,A314XJY8V1YL12,T1,2.0,47.0,4.0,2.0,2.0,3.0,3.0,3.0,2.0,2.0,2.0,1.0,1.0,1.0,4.0,3.0,3.0,5.0,2.0,3.0,5.0,3.0,5.0,1,1,0,0,0,1,1,1,1,1,1,0,1,1,0,0,0,1,0,1,12
84,A1B4KC5KP7FH1Z,T1,1.0,53.0,4.0,2.0,2.0,3.0,2.0,3.0,2.0,2.0,2.0,2.0,5.0,1.0,4.0,5.0,5.0,5.0,3.0,4.0,2.0,5.0,3.0,1,1,0,1,0,1,1,1,0,0,1,0,0,0,0,0,1,0,1,0,9
85,A3NHMKVK98NY7I,T1,1.0,28.0,3.0,5.0,4.0,2.0,2.0,4.0,2.0,4.0,4.0,1.0,1.0,2.0,3.0,2.0,5.0,3.0,2.0,3.0,2.0,3.0,2.0,0,0,1,1,0,1,0,0,1,1,0,1,0,0,0,0,0,0,0,0,6
86,A9KSSJXDB6GPE,T1,1.0,5.0,2.0,5.0,4.0,4.0,5.0,4.0,5.0,2.0,5.0,2.0,5.0,3.0,1.0,4.0,4.0,5.0,5.0,3.0,5.0,5.0,2.0,0,0,0,0,0,0,1,0,0,0,0,0,0,0,0,0,0,1,1,0,3
87,A2MKXI4KCRRI7Y,C,1.0,34.0,5.0,2.0,3.0,3.0,2.0,4.0,2.0,2.0,2.0,1.0,1.0,1.0,4.0,2.0,2.0,1.0,5.0,5.0,5.0,2.0,3.0,1,0,0,1,0,1,1,1,1,1,1,0,0,0,0,0,0,1,0,0,9
88,A2R0YYUAWNT7UD,C,1.0,27.0,2.0,2.0,3.0,3.0,3.0,4.0,2.0,3.0,2.0,1.0,1.0,1.0,4.0,5.0,4.0,2.0,4.0,5.0,5.0,5.0,3.0,1,0,0,0,0,1,0,1,1,1,1,0,0,0,0,1,0,1,1,0,9
89,ALQPGVQZEZSUE,T1,1.0,41.0,4.0,2.0,3.0,2.0,2.0,3.0,2.0,2.0,2.0,1.0,1.0,1.0,5.0,4.0,4.0,4.0,4.0,4.0,5.0,3.0,5.0,1,0,1,1,0,1,1,1,1,1,1,0,0,0,1,1,1,1,0,1,14
90,A1PUHCEBSOWETV,T2,1.0,22.0,5.0,4.0,3.0,3.0,3.0,2.0,3.0,3.0,3.0,3.0,3.0,2.0,3.0,3.0,2.0,2.0,3.0,3.0,2.0,2.0,3.0,0,0,0,0,1,0,0,0,0,0,0,1,1,0,0,0,0,0,0,0,3
91,A26TY8FHMJ183C,T1,1.0,30.0,4.0,5.0,5.0,2.0,5.0,2.0,5.0,2.0,2.0,1.0,1.0,1.0,4.0,5.0,2.0,5.0,5.0,3.0,2.0,2.0,3.0,0,0,1,0,1,0,1,1,1,1,1,0,0,0,0,0,0,0,0,0,7
92,AKSJ3C5O3V9RB,T2,2.0,24.0,4.0,5.0,4.0,2.0,3.0,3.0,2.0,2.0,2.0,1.0,1.0,1.0,4.0,3.0,4.0,3.0,3.0,3.0,5.0,4.0,2.0,0,0,1,0,0,1,1,1,1,1,1,0,1,0,0,0,0,1,0,0,9
93,A2U83S62P8SZ6T,T1,1.0,33.0,5.0,5.0,4.0,5.0,2.0,3.0,2.0,3.0,2.0,1.0,1.0,1.0,3.0,4.0,3.0,2.0,3.0,5.0,2.0,4.0,3.0,0,0,0,1,0,1,0,1,1,1,1,1,0,1,0,0,0,0,0,0,8
94,A16HSMUJ7C7QA7,T2,2.0,65.0,3.0,2.0,2.0,5.0,2.0,4.0,5.0,3.0,3.0,1.0,1.0,1.0,4.0,5.0,5.0,5.0,3.0,5.0,2.0,4.0,5.0,1,1,0,1,0,0,0,0,1,1,1,0,0,0,0,0,0,0,0,1,7
95,A21AVVEQUEX7DA,C,1.0,27.0,2.0,2.0,2.0,2.0,2.0,2.0,4.0,2.0,3.0,3.0,2.0,4.0,4.0,4.0,2.0,3.0,3.0,5.0,4.0,4.0,3.0,1,1,1,1,1,0,1,0,0,0,0,0,0,0,0,0,0,0,0,0,6
96,A20VJWCDIBKTZI,T1,1.0,38.0,2.0,5.0,4.0,2.0,4.0,4.0,1.0,2.0,3.0,1.0,1.0,5.0,3.0,3.0,4.0,2.0,1.0,1.0,4.0,1.0,3.0,0,0,1,0,0,0,1,0,1,1,0,1,1,0,0,0,0,0,0,0,6
97,A28A3HF3LSEIDT,T2,2.0,25.0,2.0,3.0,3.0,2.0,3.0,3.0,3.0,3.0,3.0,3.0,3.0,4.0,3.0,4.0,4.0,4.0,3.0,3.0,3.0,3.0,3.0,0,0,1,0,0,0,0,0,0,0,0,1,0,0,1,0,0,0,0,0,3
98,A2E6G3YGPG97B6,T1,2.0,30.0,5.0,2.0,4.0,1.0,5.0,3.0,2.0,4.0,5.0,3.0,3.0,3.0,3.0,3.0,4.0,2.0,4.0,1.0,2.0,4.0,2.0,1,0,0,0,0,1,0,0,0,0,0,1,1,0,0,1,0,0,0,0,5
99,A2OAZPREKF6PQR,C,2.0,29.0,1.0,1.0,5.0,3.0,2.0,4.0,3.0,4.0,1.0,3.0,1.0,4.0,3.0,2.0,5.0,1.0,3.0,2.0,4.0,1.0,1.0,0,0,0,1,0,0,0,0,0,1,0,1,0,0,0,0,0,0,0,0,3
100,A17DF2ZUXF4F0Q,C,1.0,25.0,2.0,2.0,3.0,3.0,3.0,3.0,2.0,2.0,2.0,3.0,3.0,2.0,2.0,3.0,2.0,2.0,2.0,2.0,2.0,1.0,2.0,1,0,0,0,0,1,1,1,0,0,0,0,1,0,0,0,0,0,0,0,5
101,A24ZKEJTS1O4IW,T2,1.0,30.0,2.0,5.0,4.0,2.0,5.0,3.0,2.0,3.0,2.0,1.0,1.0,1.0,4.0,5.0,5.0,3.0,3.0,5.0,5.0,4.0,5.0,0,0,1,0,0,1,0,1,1,1,1,0,0,0,0,0,0,1,0,1,8
102,A2YO837C0O1E91,C,2.0,29.0,5.0,2.0,4.0,2.0,3.0,4.0,2.0,4.0,2.0,1.0,1.0,1.0,3.0,3.0,4.0,5.0,4.0,4.0,4.0,5.0,3.0,1,0,1,0,0,1,0,1,1,1,1,1,1,0,0,1,1,0,1,0,12
103,A150GMV1YQWWB3,C,1.0,39.0,5.0,2.0,4.0,2.0,3.0,2.0,2.0,2.0,2.0,1.0,1.0,1.0,5.0,3.0,3.0,4.0,3.0,3.0,5.0,4.0,4.0,1,0,1,0,1,1,1,1,1,1,1,0,1,1,1,0,0,1,0,0,13
104,A3GW3MPLVGG7PZ,C,2.0,34.0,5.0,5.0,3.0,4.0,3.0,4.0,5.0,2.0,2.0,5.0,1.0,2.0,3.0,4.0,3.0,5.0,4.0,4.0,5.0,5.0,5.0,0,0,0,0,0,0,1,1,0,1,0,1,0,1,0,1,1,1,1,1,10
105,A1Z6F6EIUJFC6T,T1,1.0,29.0,4.0,4.0,4.0,1.0,1.0,5.0,3.0,3.0,5.0,1.0,4.0,3.0,2.0,2.0,3.0,5.0,2.0,3.0,2.0,2.0,4.0,0,0,0,0,0,0,0,0,1,0,0,0,0,1,0,0,0,0,0,0,2
106,A3QSJY1FFN0N6V,T1,2.0,36.0,5.0,5.0,3.0,2.0,3.0,4.0,5.0,2.0,3.0,1.0,1.0,1.0,5.0,3.0,5.0,3.0,3.0,3.0,5.0,5.0,3.0,0,0,1,0,0,0,1,0,1,1,1,0,1,0,0,0,0,1,1,0,8
107,A19WXS1CLVLEEX,T2,1.0,65.0,5.0,2.0,2.0,2.0,2.0,3.0,3.0,2.0,3.0,1.0,5.0,1.0,3.0,5.0,5.0,5.0,4.0,3.0,5.0,5.0,2.0,1,1,1,1,0,0,1,0,1,0,1,1,0,0,0,1,0,1,1,0,11
108,A2R02DYCDLY75U,T2,2.0,40.0,4.0,2.0,3.0,2.0,3.0,2.0,2.0,2.0,2.0,1.0,1.0,1.0,2.0,3.0,2.0,3.0,3.0,3.0,4.0,4.0,3.0,1,0,1,0,1,1,1,1,1,1,1,0,1,0,0,0,0,0,0,0,10
109,A3FOKP72T5I4FR,C,2.0,41.0,5.0,2.0,3.0,2.0,5.0,3.0,5.0,4.0,3.0,1.0,2.0,3.0,3.0,5.0,5.0,5.0,5.0,3.0,2.0,3.0,3.0,1,0,1,0,0,0,0,0,1,0,0,1,0,0,0,0,0,0,0,0,4
110,A8028AFBBS29G,C,2.0,64.0,3.0,5.0,3.0,5.0,2.0,4.0,5.0,3.0,3.0,1.0,1.0,5.0,5.0,5.0,5.0,2.0,3.0,3.0,5.0,4.0,5.0,0,0,0,1,0,0,0,0,1,1,0,0,0,0,0,0,0,1,0,1,5
111,A1NMKXK04PZ6KK,T1,1.0,39.0,3.0,5.0,4.0,4.0,5.0,4.0,2.0,4.0,5.0,4.0,3.0,4.0,4.0,4.0,3.0,3.0,1.0,3.0,2.0,2.0,5.0,0,0,0,0,0,1,0,0,0,0,0,0,0,1,0,0,0,0,0,1,3
112,AIPHJXQEDNW9L,C,1.0,30.0,3.0,2.0,3.0,2.0,3.0,3.0,2.0,2.0,2.0,1.0,1.0,1.0,3.0,3.0,2.0,5.0,4.0,3.0,5.0,5.0,5.0,1,0,1,0,0,1,1,1,1,1,1,1,1,0,0,1,0,1,1,1,14
113,AP7BOM5KUH8KV,C,1.0,31.0,5.0,2.0,3.0,2.0,2.0,2.0,2.0,2.0,2.0,1.0,1.0,1.0,2.0,4.0,2.0,4.0,4.0,3.0,3.0,5.0,3.0,1,0,1,1,1,1,1,1,1,1,1,0,0,0,1,1,0,0,1,0,13
114,A1OQIXAU1SEJ4P,T2,2.0,32.0,5.0,5.0,3.0,2.0,3.0,3.0,2.0,2.0,1.0,1.0,1.0,1.0,3.0,3.0,5.0,3.0,4.0,3.0,2.0,4.0,3.0,0,0,1,0,0,1,1,0,1,1,1,1,1,0,0,1,0,0,0,0,9
115,A27SMEOPKV84VI,T1,2.0,37.0,2.0,2.0,4.0,2.0,3.0,4.0,2.0,2.0,1.0,1.0,2.0,1.0,3.0,3.0,3.0,2.0,5.0,4.0,5.0,4.0,5.0,1,0,1,0,0,1,1,0,1,0,1,1,1,1,0,0,1,1,0,1,12
116,AJWES6SFIP3AT,T2,1.0,36.0,4.0,2.0,3.0,3.0,3.0,2.0,2.0,2.0,3.0,1.0,1.0,1.0,3.0,2.0,4.0,4.0,4.0,3.0,4.0,5.0,4.0,1,0,0,0,1,1,1,0,1,1,1,1,0,0,1,1,0,0,1,0,11
117,A2HG1N3BVQO6I,T2,2.0,57.0,2.0,2.0,5.0,5.0,5.0,4.0,2.0,2.0,2.0,1.0,1.0,2.0,4.0,4.0,2.0,3.0,3.0,4.0,5.0,4.0,4.0,1,0,0,0,0,1,1,1,1,1,0,0,0,0,0,0,1,1,0,0,8
118,A3VP27UUQ34OXK,T1,2.0,56.0,4.0,2.0,3.0,2.0,2.0,2.0,1.0,5.0,5.0,2.0,5.0,4.0,5.0,2.0,5.0,5.0,5.0,3.0,2.0,4.0,2.0,1,0,1,1,1,0,0,0,0,0,0,0,0,0,0,0,0,0,0,0,4
119,A38DC3BG1ZCVZ2,T1,2.0,34.0,3.0,2.0,4.0,2.0,3.0,4.0,2.0,4.0,4.0,2.0,5.0,2.0,3.0,3.0,4.0,3.0,3.0,4.0,5.0,4.0,3.0,1,0,1,0,0,1,0,0,0,0,0,1,1,0,0,0,1,1,0,0,7
120,A1MTRZDRKNB9GV,C,2.0,57.0,2.0,2.0,2.0,5.0,5.0,4.0,2.0,2.0,2.0,1.0,2.0,4.0,4.0,5.0,5.0,1.0,1.0,3.0,1.0,5.0,5.0,1,1,0,0,0,1,1,1,1,0,0,0,0,0,0,0,0,0,1,1,8
121,A1P6OXEJ86HQRM,T2,1.0,37.0,5.0,2.0,3.0,2.0,3.0,2.0,3.0,3.0,2.0,1.0,1.0,1.0,4.0,5.0,4.0,3.0,4.0,3.0,2.0,5.0,3.0,1,0,1,0,1,0,0,1,1,1,1,0,0,0,0,1,0,0,1,0,9
122,A20PV3RB3I0W8S,C,1.0,29.0,2.0,4.0,5.0,3.0,3.0,2.0,2.0,2.0,5.0,1.0,4.0,2.0,1.0,4.0,3.0,3.0,1.0,5.0,5.0,4.0,3.0,0,0,0,0,1,1,1,0,1,0,0,0,0,1,0,0,0,1,0,0,6
123,A87D3K9YVKTQ7,T1,2.0,36.0,4.0,5.0,4.0,4.0,1.0,4.0,2.0,5.0,2.0,1.0,5.0,2.0,5.0,4.0,2.0,1.0,3.0,5.0,4.0,4.0,3.0,0,0,0,0,0,1,0,1,1,0,0,0,0,0,0,0,0,0,0,0,3
124,A272A0JGRTBFCR,T1,1.0,37.0,2.0,5.0,4.0,1.0,2.0,2.0,4.0,4.0,5.0,5.0,2.0,2.0,4.0,3.0,5.0,4.0,3.0,4.0,2.0,4.0,3.0,0,0,0,1,1,0,0,0,0,0,0,0,1,0,1,0,1,0,0,0,5
125,A2S75O867RJG0I,T1,1.0,24.0,2.0,2.0,3.0,2.0,2.0,4.0,1.0,3.0,2.0,1.0,1.0,2.0,3.0,2.0,2.0,3.0,3.0,2.0,5.0,3.0,3.0,1,0,1,1,0,0,0,1,1,1,0,1,0,0,0,0,0,1,0,0,8
126,AVPKE76DJLWK6,T1,1.0,37.0,4.0,2.0,3.0,3.0,3.0,3.0,2.0,2.0,3.0,1.0,1.0,4.0,4.0,2.0,3.0,5.0,4.0,3.0,5.0,4.0,3.0,1,0,0,0,0,1,1,0,1,1,0,0,0,1,0,1,0,1,0,0,8
127,A3GIIL73GE2CBQ,T2,1.0,33.0,5.0,2.0,4.0,2.0,2.0,4.0,2.0,2.0,2.0,1.0,1.0,1.0,3.0,3.0,4.0,5.0,3.0,4.0,5.0,5.0,3.0,1,0,1,1,0,1,1,1,1,1,1,1,1,0,0,0,1,1,1,0,14
128,A1CFMY4CEYOM8Y,C,1.0,40.0,5.0,5.0,4.0,4.0,1.0,4.0,1.0,3.0,3.0,1.0,5.0,2.0,4.0,5.0,1.0,5.0,4.0,5.0,1.0,4.0,5.0,0,0,0,0,0,0,0,0,1,0,0,0,0,0,0,1,0,0,0,1,3
129,A667L63P4M8NO,T2,2.0,37.0,5.0,5.0,4.0,4.0,3.0,4.0,1.0,2.0,4.0,1.0,1.0,1.0,4.0,2.0,5.0,3.0,3.0,4.0,5.0,5.0,5.0,0,0,0,0,0,0,1,0,1,1,1,0,0,0,0,0,1,1,1,1,8
130,A1XO6ONCCTBMKW,T2,1.0,27.0,2.0,2.0,1.0,4.0,3.0,5.0,4.0,3.0,1.0,3.0,5.0,2.0,4.0,4.0,5.0,1.0,1.0,2.0,4.0,2.0,3.0,1,0,0,0,0,0,0,0,0,0,0,0,0,0,0,0,0,0,0,0,1
131,A2W3A42TRMJ861,T2,2.0,58.0,4.0,2.0,2.0,2.0,3.0,3.0,2.0,2.0,2.0,1.0,1.0,1.0,3.0,3.0,4.0,5.0,3.0,3.0,5.0,5.0,3.0,1,1,1,0,0,1,1,1,1,1,1,1,1,0,0,0,0,1,1,0,13
132,A11S8IAAVDXCUS,T1,2.0,29.0,6.0,2.0,4.0,2.0,2.0,4.0,1.0,2.0,4.0,2.0,2.0,2.0,2.0,4.0,5.0,3.0,2.0,3.0,2.0,4.0,2.0,1,0,1,1,0,0,1,0,0,0,0,0,0,0,0,0,0,0,0,0,4
133,AJNQ2PBD07FKE,T1,2.0,32.0,3.0,5.0,3.0,4.0,5.0,3.0,2.0,5.0,4.0,1.0,1.0,5.0,3.0,4.0,4.0,1.0,4.0,5.0,5.0,4.0,5.0,0,0,0,0,0,1,0,0,1,1,0,1,0,0,0,1,0,1,0,1,7
134,A3TUMZ954ORSUC,T1,2.0,30.0,5.0,4.0,4.0,4.0,5.0,4.0,1.0,3.0,4.0,3.0,4.0,5.0,2.0,4.0,1.0,1.0,3.0,5.0,2.0,3.0,2.0,0,0,0,0,0,0,0,0,0,0,0,0,0,0,0,0,0,0,0,0,0
135,A30RAYNDOWQ61S,C,1.0,56.0,2.0,5.0,4.0,3.0,3.0,4.0,2.0,2.0,2.0,1.0,1.0,1.0,4.0,4.0,4.0,4.0,4.0,5.0,5.0,5.0,5.0,0,0,0,0,0,1,1,1,1,1,1,0,0,0,1,1,0,1,1,1,11
136,ASB8T0H7L99RF,C,1.0,31.0,3.0,2.0,4.0,2.0,3.0,4.0,2.0,4.0,2.0,1.0,5.0,5.0,2.0,3.0,3.0,3.0,3.0,4.0,5.0,4.0,4.0,1,0,1,0,0,1,0,1,1,0,0,0,1,1,0,0,1,1,0,0,9
137,A3O7X46E3REM7I,T2,1.0,32.0,4.0,2.0,4.0,3.0,2.0,4.0,2.0,2.0,2.0,1.0,1.0,1.0,2.0,5.0,4.0,5.0,4.0,3.0,5.0,3.0,2.0,1,0,0,1,0,1,1,1,1,1,1,0,0,0,0,1,0,1,0,0,10
138,A3RQN5RZD1N2KP,C,2.0,46.0,3.0,5.0,3.0,2.0,5.0,5.0,2.0,4.0,2.0,1.0,1.0,1.0,3.0,2.0,4.0,1.0,3.0,4.0,5.0,4.0,4.0,0,0,1,0,0,1,0,1,1,1,1,1,0,0,0,0,1,1,0,0,9
139,AB66CTVQ90RCV,T1,2.0,29.0,5.0,2.0,4.0,4.0,3.0,4.0,2.0,3.0,3.0,1.0,1.0,1.0,4.0,3.0,5.0,3.0,3.0,4.0,2.0,5.0,4.0,1,0,0,0,0,1,0,0,1,1,1,0,1,0,0,0,1,0,1,0,8
140,A299J4PKHAEU9H,T1,2.0,29.0,1.0,4.0,4.0,4.0,2.0,4.0,1.0,3.0,5.0,1.0,2.0,2.0,5.0,4.0,4.0,4.0,1.0,1.0,5.0,3.0,4.0,0,0,0,1,0,0,0,0,1,0,0,0,0,0,1,0,0,1,0,0,4
141,AL6TUFYAMT6U4,T2,1.0,26.0,1.0,5.0,4.0,2.0,2.0,4.0,3.0,4.0,4.0,1.0,2.0,2.0,4.0,5.0,2.0,5.0,5.0,5.0,3.0,4.0,2.0,0,0,1,1,0,0,0,0,1,0,0,0,0,0,0,0,0,0,0,0,3
142,AFU00NU09CFXE,C,2.0,45.0,5.0,2.0,3.0,3.0,3.0,4.0,5.0,3.0,4.0,2.0,2.0,5.0,5.0,3.0,4.0,3.0,3.0,5.0,5.0,4.0,5.0,1,0,0,0,0,0,0,0,0,0,0,0,1,0,0,0,0,1,0,1,4
143,A1V1JNPU0KOA3X,T2,1.0,53.0,4.0,2.0,2.0,3.0,2.0,3.0,2.0,2.0,2.0,1.0,1.0,1.0,3.0,4.0,2.0,3.0,3.0,2.0,5.0,3.0,4.0,1,1,0,1,0,1,1,1,1,1,1,1,0,0,0,0,0,1,0,0,11
144,A3HOBJ4PJUOCUN,T2,2.0,59.0,3.0,5.0,5.0,2.0,5.0,4.0,2.0,5.0,2.0,1.0,2.0,1.0,2.0,3.0,4.0,1.0,3.0,2.0,5.0,4.0,2.0,0,0,1,0,0,1,0,1,1,0,1,0,1,0,0,0,0,1,0,0,7
145,A35D31QHYQUF9V,C,1.0,35.0,3.0,3.0,2.0,2.0,3.0,2.0,2.0,2.0,2.0,1.0,1.0,1.0,3.0,4.0,4.0,5.0,5.0,2.0,2.0,3.0,4.0,0,1,1,0,1,1,1,1,1,1,1,1,0,0,0,0,0,0,0,0,10
146,A3LA5P3N3KI8U7,T1,2.0,34.0,5.0,3.0,3.0,5.0,3.0,3.0,3.0,2.0,2.0,1.0,1.0,4.0,3.0,5.0,5.0,5.0,3.0,3.0,5.0,5.0,3.0,0,0,0,0,0,0,1,1,1,1,0,1,0,0,0,0,0,1,1,0,7
147,A35T6IAX6MHNHC,T2,1.0,28.0,2.0,4.0,3.0,3.0,3.0,3.0,4.0,5.0,4.0,1.0,5.0,2.0,3.0,2.0,3.0,4.0,3.0,4.0,2.0,3.0,2.0,0,0,0,0,0,0,0,0,1,0,0,1,0,1,1,0,1,0,0,0,5
148,A4E1UYPDHE8D8,T1,1.0,39.0,4.0,2.0,2.0,2.0,3.0,3.0,2.0,2.0,2.0,1.0,1.0,1.0,4.0,3.0,3.0,2.0,4.0,3.0,5.0,3.0,4.0,1,1,1,0,0,1,1,1,1,1,1,0,1,1,0,1,0,1,0,0,13
149,A3G55RJTW3BSGM,T1,2.0,42.0,2.0,1.0,3.0,3.0,3.0,4.0,2.0,3.0,2.0,1.0,1.0,1.0,3.0,3.0,3.0,3.0,3.0,3.0,5.0,3.0,3.0,0,0,0,0,0,1,0,1,1,1,1,1,1,1,0,0,0,1,0,0,9
151,A1506T1PAYRT16,C,2.0,37.0,1.0,5.0,4.0,2.0,5.0,2.0,2.0,2.0,2.0,1.0,2.0,3.0,2.0,5.0,3.0,3.0,1.0,5.0,2.0,4.0,5.0,0,0,1,0,1,1,1,1,1,0,0,0,0,1,0,0,0,0,0,1,8
153,A353KETOEN0W8T,T1,1.0,37.0,7.0,2.0,4.0,5.0,3.0,2.0,2.0,2.0,3.0,2.0,2.0,1.0,3.0,2.0,5.0,3.0,3.0,5.0,1.0,4.0,1.0,1,0,0,0,1,1,1,0,0,0,1,1,0,0,0,0,0,0,0,0,6
154,A1YH2I4Y2SYAXJ,T2,2.0,56.0,5.0,2.0,3.0,3.0,2.0,4.0,2.0,2.0,2.0,1.0,1.0,1.0,3.0,2.0,5.0,5.0,3.0,3.0,5.0,3.0,2.0,1,0,0,1,0,1,1,1,1,1,1,1,0,0,0,0,0,1,0,0,10
155,A2SSYBUT9ZM0G9,T1,1.0,33.0,2.0,3.0,3.0,3.0,3.0,4.0,5.0,3.0,3.0,2.0,5.0,2.0,5.0,5.0,3.0,1.0,5.0,3.0,4.0,5.0,4.0,0,0,0,0,0,0,0,0,0,0,0,0,0,1,0,0,0,0,1,0,2
156,A38DXFI1TZA295,T2,1.0,55.0,3.0,2.0,4.0,3.0,2.0,5.0,2.0,2.0,2.0,2.0,1.0,2.0,4.0,4.0,4.0,3.0,4.0,4.0,5.0,5.0,5.0,1,0,0,1,0,1,1,1,0,1,0,0,0,0,0,1,1,1,1,1,11
157,A2HWLIJP5OVFD5,C,2.0,32.0,1.0,1.0,4.0,4.0,3.0,4.0,1.0,3.0,2.0,3.0,3.0,3.0,3.0,3.0,2.0,1.0,3.0,3.0,2.0,4.0,2.0,0,0,0,0,0,0,0,1,0,0,0,1,1,0,0,0,0,0,0,0,3
158,AVOF14300525D,C,2.0,58.0,2.0,5.0,4.0,4.0,3.0,5.0,2.0,4.0,4.0,1.0,1.0,5.0,2.0,4.0,5.0,4.0,4.0,5.0,3.0,5.0,4.0,0,0,0,0,0,1,0,0,1,1,0,0,0,0,1,1,0,0,1,0,6
159,A2O2Q0LVWOWJ1G,T1,2.0,45.0,5.0,5.0,4.0,2.0,3.0,3.0,5.0,2.0,3.0,1.0,5.0,1.0,5.0,5.0,3.0,3.0,3.0,3.0,5.0,4.0,5.0,0,0,1,0,0,0,1,0,1,0,1,0,0,1,0,0,0,1,0,1,7
160,A2ZBDSR2LZNVAE,T2,1.0,48.0,2.0,5.0,4.0,3.0,3.0,3.0,1.0,5.0,2.0,1.0,1.0,1.0,3.0,2.0,5.0,3.0,3.0,4.0,5.0,2.0,5.0,0,0,0,0,0,0,0,1,1,1,1,1,0,0,0,0,1,1,0,1,8
161,AVXEDARJC5HLU,C,1.0,44.0,5.0,1.0,3.0,2.0,2.0,4.0,5.0,2.0,3.0,1.0,1.0,1.0,4.0,5.0,4.0,5.0,4.0,3.0,5.0,5.0,5.0,0,0,1,1,0,0,1,0,1,1,1,0,0,0,0,1,0,1,1,1,10
162,A36ZKMRJCHF2HX,T2,2.0,33.0,2.0,5.0,3.0,1.0,5.0,5.0,1.0,4.0,3.0,1.0,1.0,5.0,4.0,2.0,3.0,3.0,5.0,2.0,5.0,5.0,5.0,0,0,0,0,0,0,0,0,1,1,0,0,0,1,0,0,0,1,1,1,6
163,A1KGCOR8OXYR72,C,1.0,33.0,5.0,3.0,3.0,4.0,3.0,3.0,2.0,2.0,2.0,1.0,1.0,1.0,4.0,4.0,3.0,5.0,4.0,3.0,5.0,5.0,4.0,0,0,0,0,0,1,1,1,1,1,1,0,0,1,0,1,0,1,1,0,10
164,A1O0B8163G7W0N,C,1.0,33.0,3.0,3.0,4.0,2.0,2.0,4.0,3.0,4.0,2.0,2.0,1.0,1.0,5.0,2.0,5.0,2.0,2.0,3.0,4.0,4.0,2.0,0,0,1,1,0,0,0,1,0,1,1,0,0,0,0,0,0,0,0,0,5
165,A3RMV9ZGFJ0HHF,T1,2.0,37.0,4.0,2.0,3.0,2.0,3.0,4.0,2.0,2.0,2.0,1.0,5.0,2.0,4.0,4.0,5.0,5.0,3.0,2.0,5.0,2.0,3.0,1,0,1,0,0,1,1,1,1,0,0,0,0,0,0,0,0,1,0,0,7
167,AKVDY8OXNMQED,T2,1.0,67.0,1.0,5.0,3.0,1.0,3.0,4.0,5.0,2.0,3.0,2.0,2.0,1.0,4.0,1.0,2.0,2.0,4.0,4.0,4.0,4.0,3.0,0,0,0,0,0,0,1,0,0,0,1,0,0,0,0,1,1,0,0,0,4
168,A3L3ZFL1NYFTCF,T2,2.0,33.0,7.0,2.0,1.0,2.0,3.0,4.0,5.0,4.0,4.0,2.0,1.0,5.0,3.0,1.0,5.0,5.0,3.0,1.0,1.0,2.0,2.0,1,0,1,0,0,0,0,0,0,1,0,1,0,0,0,0,0,0,0,0,4
169,A1UKZZL7ANOZRZ,T1,1.0,33.0,2.0,2.0,3.0,2.0,5.0,4.0,2.0,4.0,1.0,1.0,1.0,1.0,5.0,3.0,5.0,5.0,4.0,4.0,2.0,4.0,4.0,1,0,1,0,0,1,0,0,1,1,1,0,1,0,0,1,1,0,0,0,9
170,A3OLRWACCCCUTU,C,2.0,54.0,4.0,2.0,3.0,2.0,2.0,4.0,5.0,2.0,2.0,1.0,1.0,1.0,4.0,3.0,3.0,5.0,4.0,4.0,4.0,5.0,3.0,1,0,1,1,0,0,1,1,1,1,1,0,1,1,0,1,1,0,1,0,13
171,A2TG7EEQ2XG2IK,C,2.0,47.0,5.0,5.0,3.0,2.0,2.0,4.0,5.0,2.0,2.0,2.0,1.0,4.0,5.0,2.0,3.0,5.0,2.0,3.0,5.0,4.0,2.0,0,0,1,1,0,0,1,1,0,1,0,0,0,1,0,0,0,1,0,0,7
173,A2HOUSKURBF8UA,C,1.0,45.0,2.0,2.0,2.0,1.0,2.0,2.0,2.0,2.0,2.0,1.0,1.0,1.0,3.0,3.0,3.0,3.0,3.0,3.0,4.0,4.0,4.0,1,1,0,1,1,1,1,1,1,1,1,1,1,1,0,0,0,0,0,0,13
174,A35RZ2HKE9VWJ5,T2,1.0,35.0,2.0,3.0,3.0,1.0,2.0,3.0,2.0,2.0,2.0,1.0,1.0,1.0,3.0,3.0,3.0,1.0,3.0,4.0,5.0,4.0,5.0,0,0,0,1,0,1,1,1,1,1,1,1,1,1,0,0,1,1,0,1,13
175,A2J6MMNWUJQUXS,T2,2.0,46.0,5.0,3.0,3.0,3.0,3.0,4.0,2.0,4.0,2.0,2.0,1.0,1.0,4.0,2.0,2.0,5.0,4.0,2.0,2.0,4.0,2.0,0,0,0,0,0,1,0,1,0,1,1,0,0,0,0,1,0,0,0,0,5
176,A2APPZDU0VS9LN,T2,2.0,39.0,5.0,5.0,2.0,2.0,4.0,5.0,2.0,5.0,2.0,1.0,5.0,2.0,3.0,5.0,5.0,5.0,1.0,4.0,2.0,2.0,3.0,0,1,1,0,0,1,0,1,1,0,0,1,0,0,0,0,1,0,0,0,7
177,A2CK0OXMPOR9LE,C,1.0,28.0,4.0,2.0,3.0,1.0,5.0,4.0,2.0,2.0,3.0,2.0,1.0,1.0,4.0,3.0,3.0,5.0,5.0,2.0,2.0,3.0,5.0,1,0,0,0,0,1,1,0,0,1,1,0,1,1,0,0,0,0,0,1,8
178,A13FT8BNX9UUP8,C,2.0,30.0,1.0,2.0,4.0,1.0,3.0,3.0,3.0,2.0,2.0,1.0,2.0,1.0,4.0,2.0,3.0,3.0,3.0,3.0,2.0,5.0,5.0,1,0,0,0,0,0,1,1,1,0,1,0,0,1,0,0,0,0,1,1,8
179,A3DS5B06ZCD3E3,T1,1.0,43.0,3.0,5.0,3.0,2.0,3.0,3.0,2.0,2.0,2.0,1.0,1.0,3.0,4.0,4.0,4.0,2.0,4.0,4.0,5.0,5.0,3.0,0,0,1,0,0,1,1,1,1,1,0,0,0,0,0,1,1,1,1,0,10
180,AHEJHFN0VV6E3,C,2.0,44.0,3.0,5.0,4.0,5.0,5.0,4.0,3.0,5.0,3.0,1.0,5.0,5.0,4.0,5.0,5.0,1.0,5.0,5.0,5.0,2.0,5.0,0,0,0,0,0,0,0,0,1,0,0,0,0,0,0,0,0,1,0,1,3
181,AQD91RFHV1WNE,C,1.0,28.0,4.0,1.0,4.0,3.0,2.0,4.0,5.0,4.0,5.0,3.0,2.0,1.0,2.0,3.0,1.0,2.0,3.0,2.0,2.0,1.0,5.0,0,0,0,1,0,0,0,0,0,0,1,0,1,0,0,0,0,0,0,1,4
182,A16FY9L7QTDNRW,T1,1.0,54.0,4.0,5.0,5.0,4.0,3.0,5.0,2.0,3.0,2.0,1.0,5.0,5.0,5.0,5.0,3.0,3.0,3.0,4.0,4.0,5.0,5.0,0,0,0,0,0,1,0,1,1,0,0,0,0,1,0,0,1,0,1,1,7
183,A1AEKMIKKEBZLZ,C,1.0,28.0,4.0,2.0,3.0,2.0,3.0,2.0,2.0,2.0,2.0,1.0,1.0,1.0,3.0,4.0,4.0,4.0,4.0,3.0,5.0,4.0,5.0,1,0,1,0,1,1,1,1,1,1,1,1,0,0,1,1,0,1,0,1,14
184,A26UIS59SY4NM6,T2,1.0,48.0,5.0,1.0,2.0,3.0,2.0,4.0,2.0,2.0,2.0,1.0,1.0,1.0,3.0,3.0,3.0,3.0,3.0,3.0,2.0,4.0,2.0,0,1,0,1,0,1,1,1,1,1,1,1,1,1,0,0,0,0,0,0,11
185,A2CQP9DZSDUC5V,T1,2.0,37.0,5.0,5.0,3.0,2.0,5.0,2.0,5.0,5.0,2.0,1.0,1.0,1.0,3.0,3.0,4.0,1.0,3.0,4.0,5.0,4.0,3.0,0,0,1,0,1,0,0,1,1,1,1,1,1,0,0,0,1,1,0,0,10
186,AW0MG225VXWCN,C,1.0,32.0,5.0,2.0,2.0,3.0,2.0,3.0,2.0,3.0,2.0,1.0,1.0,1.0,2.0,2.0,4.0,5.0,3.0,3.0,2.0,5.0,4.0,1,1,0,1,0,1,0,1,1,1,1,0,0,0,0,0,0,0,1,0,9
187,A1G10UPKNT2YEX,T2,1.0,30.0,4.0,4.0,4.0,3.0,5.0,4.0,1.0,2.0,4.0,5.0,4.0,5.0,3.0,4.0,5.0,5.0,3.0,4.0,1.0,3.0,3.0,0,0,0,0,0,0,1,0,0,0,0,1,0,0,0,0,1,0,0,0,3
188,A11GWWAXRJQ6Y2,C,1.0,25.0,4.0,2.0,3.0,2.0,1.0,2.0,4.0,2.0,4.0,2.0,2.0,2.0,2.0,3.0,2.0,2.0,2.0,2.0,2.0,2.0,2.0,1,0,1,0,1,0,1,0,0,0,0,0,1,0,0,0,0,0,0,0,5
189,A19ED8FYO6CA36,T2,1.0,41.0,4.0,2.0,3.0,2.0,5.0,3.0,2.0,2.0,2.0,1.0,1.0,1.0,3.0,3.0,4.0,1.0,3.0,2.0,5.0,4.0,4.0,1,0,1,0,0,1,1,1,1,1,1,1,1,0,0,0,0,1,0,0,11
190,A1S88VQY8G8CNC,C,1.0,63.0,3.0,2.0,4.0,4.0,2.0,4.0,5.0,2.0,1.0,2.0,2.0,1.0,3.0,5.0,3.0,1.0,3.0,4.0,5.0,3.0,5.0,1,0,0,1,0,0,1,0,0,0,1,1,0,1,0,0,1,1,0,1,9
191,A18LFH7XW61JO9,T1,1.0,30.0,3.0,2.0,2.0,1.0,3.0,4.0,3.0,4.0,1.0,2.0,2.0,3.0,2.0,2.0,3.0,2.0,5.0,3.0,5.0,4.0,2.0,1,1,0,0,0,0,0,0,0,0,0,0,0,1,0,0,0,1,0,0,4
192,A250V0QRCNR17F,T1,2.0,29.0,1.0,5.0,4.0,2.0,2.0,2.0,2.0,4.0,5.0,2.0,1.0,2.0,4.0,2.0,5.0,3.0,5.0,3.0,2.0,4.0,4.0,0,0,1,1,1,1,0,0,0,1,0,0,0,0,0,0,0,0,0,0,5
193,A37JENVKZQ56U6,T2,1.0,34.0,5.0,2.0,3.0,2.0,2.0,4.0,2.0,2.0,2.0,1.0,1.0,1.0,3.0,4.0,4.0,3.0,2.0,3.0,4.0,4.0,3.0,1,0,1,1,0,1,1,1,1,1,1,1,0,0,0,0,0,0,0,0,10
194,A1DX8T0U3UTD0R,T2,1.0,38.0,1.0,2.0,5.0,2.0,5.0,4.0,2.0,2.0,2.0,2.0,1.0,2.0,2.0,4.0,5.0,3.0,5.0,5.0,2.0,4.0,4.0,1,0,1,0,0,1,1,1,0,1,0,0,0,0,0,0,0,0,0,0,6
195,A70L26UXLTGLC,T2,1.0,43.0,1.0,2.0,4.0,3.0,3.0,5.0,5.0,3.0,3.0,1.0,1.0,5.0,5.0,4.0,3.0,3.0,5.0,4.0,4.0,5.0,5.0,1,0,0,0,0,0,0,0,1,1,0,0,0,1,0,0,1,0,1,1,7
196,A3OOGICWSLXYB0,C,2.0,25.0,4.0,1.0,2.0,3.0,3.0,5.0,2.0,3.0,1.0,3.0,2.0,4.0,5.0,3.0,5.0,5.0,4.0,3.0,1.0,2.0,5.0,0,1,0,0,0,1,0,0,0,0,0,0,1,0,0,1,0,0,0,1,5
198,A1RWNYJA5X25YH,C,2.0,69.0,2.0,5.0,5.0,1.0,2.0,5.0,2.0,1.0,4.0,1.0,2.0,1.0,4.0,3.0,3.0,3.0,4.0,4.0,5.0,5.0,5.0,0,0,0,1,0,1,0,0,1,0,1,0,1,1,0,1,1,1,1,1,11
199,A3MS21UJPMHLK0,T2,2.0,36.0,5.0,3.0,3.0,5.0,2.0,4.0,2.0,3.0,3.0,1.0,5.0,4.0,3.0,2.0,4.0,3.0,5.0,4.0,5.0,2.0,1.0,0,0,0,1,0,1,0,0,1,0,0,1,0,0,0,0,1,1,0,0,6
200,A26L91YL0GDGD8,T1,2.0,53.0,4.0,2.0,2.0,4.0,5.0,5.0,5.0,1.0,5.0,5.0,2.0,3.0,3.0,3.0,2.0,1.0,3.0,2.0,2.0,5.0,5.0,1,1,0,0,0,0,0,0,0,0,0,1,1,0,0,0,0,0,1,1,6
201,A1ELYVM5GQIBM0,T2,1.0,40.0,5.0,2.0,3.0,2.0,2.0,2.0,1.0,2.0,3.0,5.0,1.0,5.0,2.0,5.0,5.0,5.0,5.0,3.0,4.0,4.0,5.0,1,0,1,1,1,0,1,0,0,1,0,0,0,0,0,0,0,0,0,1,7
202,AOUMYCLO4I993,T1,1.0,35.0,6.0,5.0,4.0,2.0,5.0,3.0,2.0,3.0,2.0,1.0,1.0,5.0,3.0,3.0,2.0,3.0,5.0,4.0,1.0,4.0,5.0,0,0,1,0,0,1,0,1,1,1,0,1,1,0,0,0,1,0,0,1,9
209,A18JA2145UWXG,C,1.0,32.0,2.0,5.0,3.0,3.0,2.0,2.0,2.0,2.0,2.0,1.0,5.0,5.0,4.0,4.0,5.0,2.0,4.0,3.0,5.0,4.0,4.0,0,0,0,1,1,1,1,1,1,0,0,0,0,0,0,1,0,1,0,0,8
210,A144OK7GGOQZKS,T2,2.0,30.0,6.0,3.0,3.0,2.0,2.0,3.0,2.0,2.0,2.0,1.0,1.0,1.0,4.0,5.0,4.0,2.0,3.0,3.0,5.0,5.0,3.0,0,0,1,1,0,1,1,1,1,1,1,0,0,0,0,0,0,1,1,0,10
211,A1FVXS8IM5QYO8,C,2.0,53.0,5.0,2.0,2.0,4.0,3.0,2.0,5.0,2.0,3.0,1.0,1.0,1.0,4.0,3.0,5.0,3.0,3.0,3.0,5.0,5.0,4.0,1,1,0,0,1,0,1,0,1,1,1,0,1,0,0,0,0,1,1,0,10
212,A28L1K6D8QUCML,T1,2.0,43.0,2.0,2.0,3.0,2.0,5.0,4.0,5.0,2.0,2.0,1.0,1.0,1.0,3.0,5.0,2.0,3.0,3.0,5.0,1.0,5.0,3.0,1,0,1,0,0,0,1,1,1,1,1,1,0,0,0,0,0,0,1,0,9
213,A2YYQJ3JWA2KGD,T2,2.0,36.0,5.0,5.0,3.0,1.0,5.0,4.0,2.0,2.0,4.0,1.0,1.0,2.0,4.0,3.0,5.0,3.0,3.0,4.0,3.0,4.0,3.0,0,0,0,0,0,1,1,0,1,1,0,0,1,0,0,0,1,0,0,0,6
214,A2ZJS73XSSMRTD,C,1.0,30.0,4.0,5.0,1.0,1.0,1.0,5.0,2.0,5.0,3.0,1.0,1.0,2.0,1.0,4.0,2.0,3.0,5.0,2.0,5.0,4.0,4.0,0,0,0,0,0,1,0,0,1,1,0,0,0,0,0,0,0,1,0,0,4
215,A33VGSEJ44ORMF,T2,2.0,54.0,3.0,5.0,2.0,2.0,5.0,5.0,5.0,2.0,2.0,5.0,1.0,5.0,3.0,5.0,5.0,3.0,5.0,4.0,5.0,5.0,5.0,0,1,1,0,0,0,1,1,0,1,0,1,0,0,0,0,1,1,1,1,10
216,AV5DCU1VH5S34,C,2.0,47.0,3.0,5.0,3.0,2.0,4.0,5.0,5.0,3.0,4.0,1.0,2.0,4.0,3.0,5.0,2.0,3.0,5.0,4.0,5.0,4.0,5.0,0,0,1,0,0,0,0,0,1,0,0,1,0,0,0,0,1,1,0,1,6
217,A18MC27WTCEBA2,T2,1.0,31.0,3.0,5.0,2.0,4.0,5.0,5.0,2.0,2.0,2.0,2.0,1.0,1.0,2.0,5.0,5.0,1.0,2.0,3.0,3.0,3.0,2.0,0,1,0,0,0,1,1,1,0,1,1,0,0,0,0,0,0,0,0,0,6
218,AV3GP5YAMSMSL,T2,1.0,29.0,5.0,2.0,3.0,5.0,2.0,2.0,2.0,4.0,2.0,1.0,5.0,1.0,3.0,2.0,4.0,1.0,3.0,3.0,1.0,5.0,3.0,1,0,0,1,1,1,0,1,1,0,1,1,0,0,0,0,0,0,1,0,9
219,A34DWBBWZRLO1X,T1,2.0,58.0,5.0,5.0,3.0,2.0,3.0,5.0,2.0,2.0,2.0,1.0,1.0,1.0,5.0,5.0,3.0,5.0,3.0,3.0,5.0,5.0,4.0,0,0,1,0,0,1,1,1,1,1,1,0,0,1,0,0,0,1,1,0,10
220,A1MJHGH55K3O0,T2,2.0,30.0,5.0,3.0,2.0,3.0,5.0,2.0,2.0,3.0,3.0,1.0,1.0,3.0,3.0,2.0,4.0,3.0,3.0,3.0,3.0,4.0,3.0,0,1,0,0,1,1,0,0,1,1,0,1,0,0,0,0,0,0,0,0,6
221,A3U21PUMQ6NGT2,T2,2.0,37.0,5.0,2.0,3.0,3.0,2.0,5.0,2.0,2.0,3.0,1.0,1.0,1.0,3.0,3.0,3.0,3.0,3.0,3.0,5.0,5.0,3.0,1,0,0,1,0,1,1,0,1,1,1,1,1,1,0,0,0,1,1,0,12
222,A3I9XLIHPPWPN1,T2,2.0,55.0,4.0,5.0,5.0,3.0,5.0,2.0,2.0,3.0,2.0,1.0,2.0,1.0,5.0,5.0,3.0,5.0,3.0,5.0,5.0,5.0,3.0,0,0,0,0,1,1,0,1,1,0,1,0,0,1,0,0,0,1,1,0,8
223,A1R0689JPSQ3OF,T1,1.0,46.0,3.0,3.0,4.0,3.0,2.0,4.0,2.0,2.0,2.0,1.0,1.0,1.0,5.0,5.0,3.0,3.0,3.0,5.0,5.0,4.0,5.0,0,0,0,1,0,1,1,1,1,1,1,0,0,1,0,0,0,1,0,1,10
224,A10BH9PYCYUKDJ,T1,2.0,39.0,5.0,5.0,2.0,3.0,2.0,3.0,1.0,2.0,2.0,1.0,1.0,1.0,3.0,3.0,5.0,3.0,2.0,2.0,4.0,2.0,3.0,0,1,0,1,0,0,1,1,1,1,1,1,1,0,0,0,0,0,0,0,9
225,A2LV5432PV1S39,T2,1.0,32.0,2.0,2.0,3.0,4.0,3.0,4.0,2.0,2.0,2.0,1.0,1.0,5.0,3.0,4.0,5.0,1.0,5.0,2.0,5.0,4.0,4.0,1,0,0,0,0,1,1,1,1,1,0,1,0,0,0,0,0,1,0,0,8
226,A2DQPRIY1W73NY,T1,1.0,39.0,1.0,2.0,3.0,2.0,1.0,4.0,5.0,5.0,4.0,3.0,2.0,1.0,2.0,1.0,5.0,2.0,2.0,2.0,4.0,2.0,4.0,1,0,1,0,0,0,0,0,0,0,1,0,0,0,0,0,0,0,0,0,3
227,AZACNY1H74YWS,T1,2.0,66.0,4.0,2.0,3.0,2.0,3.0,3.0,2.0,2.0,2.0,5.0,1.0,1.0,4.0,4.0,3.0,5.0,3.0,2.0,5.0,4.0,4.0,1,0,1,0,0,1,1,1,0,1,1,0,0,1,0,0,0,1,0,0,9
228,A2WNW8A4MOR7T7,C,1.0,54.0,3.0,2.0,5.0,2.0,3.0,2.0,2.0,2.0,2.0,1.0,1.0,2.0,3.0,3.0,2.0,3.0,3.0,3.0,5.0,5.0,5.0,1,0,1,0,1,1,1,1,1,1,0,1,1,0,0,0,0,1,1,1,13
229,A18WKVB9OP0FAR,T2,2.0,48.0,4.0,5.0,4.0,2.0,2.0,4.0,2.0,2.0,2.0,1.0,1.0,1.0,5.0,4.0,5.0,3.0,2.0,3.0,2.0,5.0,2.0,0,0,1,1,0,1,1,1,1,1,1,0,0,0,0,0,0,0,1,0,9
230,A1EI4NMV2EHSIY,C,2.0,49.0,3.0,3.0,4.0,3.0,2.0,3.0,2.0,2.0,2.0,1.0,1.0,1.0,2.0,3.0,4.0,4.0,3.0,3.0,5.0,4.0,3.0,0,0,0,1,0,1,1,1,1,1,1,0,1,0,1,0,0,1,0,0,10
231,A3QC57KUVJP5EW,T2,1.0,28.0,2.0,2.0,2.0,3.0,3.0,3.0,2.0,2.0,2.0,1.0,1.0,1.0,4.0,4.0,3.0,4.0,2.0,3.0,5.0,3.0,4.0,1,1,0,0,0,1,1,1,1,1,1,0,0,1,1,0,0,1,0,0,11
232,A9U083CH5ATKH,C,2.0,40.0,3.0,5.0,2.0,3.0,5.0,4.0,3.0,2.0,2.0,5.0,5.0,1.0,3.0,3.0,3.0,3.0,3.0,2.0,5.0,5.0,5.0,0,1,0,0,0,0,1,1,0,0,1,1,1,1,0,0,0,1,1,1,10
233,A2L366NNL1YG5W,T1,2.0,37.0,4.0,5.0,4.0,3.0,3.0,4.0,1.0,4.0,1.0,5.0,2.0,5.0,3.0,3.0,3.0,2.0,3.0,2.0,2.0,5.0,2.0,0,0,0,0,0,0,0,0,0,0,0,1,1,1,0,0,0,0,1,0,4
234,A2JZQHB8N6LS7T,C,2.0,28.0,5.0,5.0,2.0,2.0,3.0,2.0,5.0,2.0,3.0,1.0,1.0,3.0,4.0,5.0,2.0,3.0,3.0,3.0,2.0,4.0,5.0,0,1,1,0,1,0,1,0,1,1,0,0,0,0,0,0,0,0,0,1,7
235,A1V2M2C00I5SWW,C,1.0,41.0,4.0,3.0,4.0,3.0,2.0,2.0,2.0,3.0,3.0,1.0,1.0,1.0,5.0,2.0,4.0,3.0,4.0,2.0,5.0,4.0,5.0,0,0,0,1,1,1,0,0,1,1,1,0,0,0,0,1,0,1,0,1,9
236,A3Q8KB8HOOIUL7,T1,2.0,53.0,1.0,2.0,2.0,5.0,5.0,4.0,2.0,3.0,5.0,1.0,2.0,2.0,4.0,2.0,3.0,3.0,3.0,3.0,5.0,4.0,5.0,1,1,0,0,0,1,0,0,1,0,0,0,0,1,0,0,0,1,0,1,7
237,A2H8GNSEVUJXYL,C,1.0,59.0,2.0,2.0,5.0,2.0,2.0,5.0,3.0,2.0,2.0,1.0,1.0,1.0,5.0,3.0,4.0,4.0,3.0,4.0,4.0,4.0,4.0,1,0,1,1,0,0,1,1,1,1,1,0,1,0,1,0,1,0,0,0,11
238,A309BLCQJHQULO,C,2.0,55.0,5.0,5.0,2.0,2.0,3.0,3.0,3.0,2.0,2.0,1.0,1.0,1.0,3.0,5.0,5.0,1.0,3.0,3.0,5.0,5.0,5.0,0,1,1,0,0,0,1,1,1,1,1,1,0,0,0,0,0,1,1,1,11
239,A2I71A09DUDQR9,T1,2.0,35.0,4.0,3.0,4.0,2.0,2.0,3.0,2.0,3.0,2.0,1.0,1.0,1.0,5.0,4.0,3.0,4.0,3.0,4.0,5.0,4.0,4.0,0,0,1,1,0,1,0,1,1,1,1,0,0,1,1,0,1,1,0,0,11
240,A2HM35CWB7IIFM,T2,2.0,55.0,5.0,3.0,3.0,3.0,4.0,3.0,3.0,3.0,2.0,1.0,1.0,1.0,4.0,4.0,4.0,1.0,3.0,3.0,5.0,4.0,3.0,0,0,0,0,0,0,0,1,1,1,1,0,0,0,0,0,0,1,0,0,5
241,A3CYV47MM7OA6M,T2,2.0,44.0,5.0,5.0,3.0,3.0,5.0,2.0,3.0,4.0,2.0,1.0,1.0,1.0,4.0,4.0,5.0,3.0,3.0,4.0,5.0,5.0,4.0,0,0,0,0,1,0,0,1,1,1,1,0,0,0,0,0,1,1,1,0,8
242,A3O81LHBBI8NPK,T1,2.0,35.0,3.0,5.0,2.0,2.0,3.0,5.0,5.0,3.0,3.0,5.0,1.0,2.0,3.0,3.0,4.0,5.0,3.0,2.0,5.0,5.0,5.0,0,1,1,0,0,0,0,0,0,1,0,1,1,0,0,0,0,1,1,1,8
243,A37WDOIQH6JM6V,T1,2.0,49.0,2.0,3.0,4.0,2.0,2.0,5.0,2.0,3.0,2.0,1.0,1.0,1.0,5.0,3.0,4.0,3.0,3.0,4.0,5.0,4.0,4.0,0,0,1,1,0,1,0,1,1,1,1,0,1,0,0,0,1,1,0,0,10
244,A1NZFJHVJ9CNTO,T2,1.0,29.0,5.0,2.0,2.0,2.0,2.0,4.0,5.0,2.0,5.0,1.0,1.0,1.0,5.0,2.0,2.0,3.0,3.0,5.0,2.0,5.0,2.0,1,1,1,1,0,0,1,0,1,1,1,0,0,0,0,0,0,0,1,0,9
245,ALML8V38FDV0,C,2.0,54.0,5.0,4.0,5.0,4.0,1.0,5.0,3.0,4.0,5.0,2.0,3.0,5.0,4.0,2.0,3.0,4.0,2.0,2.0,5.0,2.0,3.0,0,0,0,0,0,0,0,0,0,0,0,0,0,1,1,0,0,1,0,0,3
246,A2JLNI234KEKKE,T1,2.0,32.0,4.0,4.0,3.0,4.0,2.0,4.0,5.0,3.0,2.0,1.0,1.0,1.0,3.0,4.0,3.0,3.0,4.0,3.0,5.0,3.0,5.0,0,0,0,1,0,0,0,1,1,1,1,1,0,1,0,1,0,1,0,1,10
247,A27PVIL93ZMY46,C,2.0,39.0,4.0,5.0,3.0,3.0,3.0,4.0,2.0,2.0,2.0,1.0,1.0,1.0,5.0,3.0,5.0,1.0,4.0,4.0,5.0,4.0,3.0,0,0,0,0,0,1,1,1,1,1,1,0,1,0,0,1,1,1,0,0,10
248,A3862RIFFUV141,T2,1.0,48.0,5.0,2.0,4.0,2.0,5.0,4.0,3.0,1.0,3.0,1.0,1.0,1.0,3.0,3.0,4.0,2.0,3.0,4.0,2.0,4.0,3.0,1,0,1,0,0,0,0,0,1,1,1,1,1,0,0,0,1,0,0,0,8
249,A14A8J5H98KLO6,T2,1.0,46.0,3.0,3.0,2.0,3.0,5.0,4.0,3.0,3.0,3.0,1.0,1.0,1.0,4.0,5.0,3.0,3.0,4.0,4.0,5.0,5.0,4.0,0,1,0,0,0,0,0,0,1,1,1,0,0,1,0,1,1,1,1,0,9
250,A1NF6PELRKACS9,T1,1.0,54.0,3.0,5.0,3.0,2.0,2.0,4.0,1.0,4.0,2.0,1.0,1.0,1.0,3.0,3.0,2.0,1.0,3.0,2.0,4.0,4.0,3.0,0,0,1,1,0,0,0,1,1,1,1,1,1,0,0,0,0,0,0,0,8
251,ABQ65VUI4C9RK,C,1.0,45.0,3.0,5.0,4.0,3.0,5.0,3.0,2.0,2.0,3.0,1.0,1.0,1.0,4.0,5.0,3.0,3.0,3.0,2.0,2.0,4.0,3.0,0,0,0,0,0,1,1,0,1,1,1,0,0,1,0,0,0,0,0,0,6
252,A2JPOXYZM5AJZZ,T2,1.0,46.0,4.0,3.0,2.0,3.0,2.0,4.0,2.0,2.0,4.0,1.0,5.0,1.0,3.0,3.0,3.0,3.0,3.0,4.0,4.0,4.0,3.0,0,1,0,1,0,1,1,0,1,0,1,1,1,1,0,0,1,0,0,0,10
253,A2F0X4LN9N4O4C,T1,2.0,55.0,3.0,5.0,4.0,2.0,5.0,4.0,2.0,5.0,2.0,1.0,2.0,3.0,5.0,2.0,2.0,1.0,5.0,3.0,4.0,4.0,3.0,0,0,1,0,0,1,0,1,1,0,0,0,0,0,0,0,0,0,0,0,4
254,AV3CA0IYNRCCJ,C,2.0,62.0,3.0,2.0,2.0,3.0,3.0,3.0,2.0,2.0,2.0,1.0,2.0,1.0,5.0,3.0,5.0,5.0,3.0,3.0,5.0,5.0,2.0,1,1,0,0,0,1,1,1,1,0,1,0,1,0,0,0,0,1,1,0,10
255,A1MIR0TP081SKT,T1,2.0,30.0,5.0,3.0,3.0,2.0,5.0,1.0,2.0,1.0,3.0,1.0,5.0,2.0,4.0,4.0,2.0,2.0,4.0,2.0,2.0,4.0,3.0,0,0,1,0,0,1,0,0,1,0,0,0,0,0,0,1,0,0,0,0,4
256,A5V3ZMQI0PU3F,T1,2.0,56.0,4.0,2.0,3.0,3.0,2.0,3.0,1.0,2.0,2.0,1.0,2.0,1.0,5.0,5.0,4.0,5.0,3.0,4.0,5.0,5.0,4.0,1,0,0,1,0,0,1,1,1,0,1,0,0,0,0,0,1,1,1,0,9
258,A6PPB69C6ZJHN,T1,1.0,32.0,3.0,2.0,2.0,2.0,2.0,4.0,2.0,4.0,2.0,1.0,1.0,4.0,4.0,2.0,5.0,5.0,4.0,2.0,5.0,5.0,3.0,1,1,1,1,0,1,0,1,1,1,0,0,0,0,0,1,0,1,1,0,11
259,A4T7PYGN1BE2P,T2,1.0,31.0,3.0,2.0,2.0,2.0,3.0,4.0,5.0,2.0,2.0,1.0,3.0,2.0,3.0,5.0,1.0,1.0,5.0,5.0,5.0,2.0,5.0,1,1,1,0,0,0,1,1,1,0,0,1,0,0,0,0,0,1,0,1,9
260,A1B5SSGMTAQ9B5,T2,2.0,38.0,2.0,5.0,1.0,3.0,5.0,3.0,5.0,3.0,3.0,1.0,1.0,5.0,4.0,5.0,4.0,5.0,5.0,4.0,2.0,4.0,4.0,0,0,0,0,0,0,0,0,1,1,0,0,0,0,0,0,1,0,0,0,3
261,A2J237J8KM3OCS,T2,1.0,38.0,5.0,5.0,5.0,4.0,5.0,4.0,1.0,2.0,4.0,3.0,3.0,2.0,5.0,2.0,2.0,5.0,5.0,3.0,4.0,5.0,3.0,0,0,0,0,0,0,1,0,0,0,0,0,0,0,0,0,0,0,1,0,2
262,A2OJ5XOEKTKRR9,T1,1.0,34.0,4.0,2.0,3.0,1.0,2.0,3.0,2.0,3.0,2.0,5.0,1.0,2.0,4.0,4.0,5.0,3.0,3.0,4.0,5.0,4.0,3.0,1,0,0,1,0,1,0,1,0,1,0,0,0,0,0,0,1,1,0,0,7
263,A28PS7TGEQCFT4,T2,1.0,29.0,4.0,2.0,4.0,2.0,5.0,4.0,1.0,5.0,1.0,2.0,1.0,5.0,4.0,4.0,5.0,5.0,3.0,3.0,4.0,4.0,3.0,1,0,1,0,0,0,0,0,0,1,0,0,0,0,0,0,0,0,0,0,3
264,A3O8ERBO9IG8N4,C,1.0,35.0,4.0,5.0,4.0,2.0,3.0,3.0,5.0,3.0,3.0,1.0,5.0,2.0,1.0,5.0,1.0,2.0,3.0,3.0,4.0,3.0,5.0,0,0,1,0,0,0,0,0,1,0,0,0,0,0,0,0,0,0,0,1,3
265,A1GPZ5REMDQZ0L,T2,1.0,32.0,4.0,2.0,2.0,2.0,3.0,3.0,2.0,2.0,2.0,1.0,1.0,1.0,2.0,2.0,3.0,3.0,3.0,2.0,5.0,4.0,3.0,1,1,1,0,0,1,1,1,1,1,1,0,0,1,0,0,0,1,0,0,11
266,A3VOMP0WOJTB4I,T2,2.0,29.0,5.0,3.0,4.0,4.0,1.0,4.0,3.0,1.0,2.0,2.0,5.0,2.0,4.0,1.0,2.0,2.0,2.0,5.0,2.0,5.0,2.0,0,0,0,0,0,0,0,1,0,0,0,0,0,0,0,0,0,0,1,0,2
267,A2ZX69756WSLQ4,T1,1.0,37.0,6.0,1.0,4.0,2.0,5.0,4.0,1.0,5.0,2.0,2.0,1.0,5.0,4.0,4.0,4.0,3.0,4.0,3.0,4.0,4.0,3.0,0,0,1,0,0,0,0,1,0,1,0,0,0,0,0,1,0,0,0,0,4
268,AM0JKZVOEOTMA,C,1.0,34.0,3.0,5.0,4.0,3.0,3.0,4.0,2.0,3.0,2.0,3.0,5.0,1.0,5.0,3.0,3.0,2.0,2.0,5.0,5.0,3.0,3.0,0,0,0,0,0,1,0,1,0,0,1,0,1,1,0,0,0,1,0,0,6
269,A2J7L7S9GCPJ8V,T1,2.0,36.0,3.0,5.0,2.0,5.0,5.0,4.0,5.0,3.0,2.0,1.0,1.0,5.0,2.0,4.0,4.0,5.0,3.0,2.0,4.0,5.0,5.0,0,1,0,0,0,0,0,1,1,1,0,0,0,0,0,0,0,0,1,1,6
270,AAWX7QFQUNM6D,T1,1.0,33.0,2.0,5.0,5.0,3.0,3.0,4.0,3.0,4.0,2.0,2.0,1.0,1.0,4.0,5.0,5.0,5.0,1.0,3.0,5.0,4.0,3.0,0,0,0,0,0,0,0,1,0,1,1,0,0,0,0,0,0,1,0,0,4
271,A3J9EHZQ9PERAX,T2,2.0,59.0,3.0,5.0,2.0,2.0,2.0,4.0,2.0,2.0,2.0,1.0,1.0,2.0,3.0,2.0,5.0,3.0,5.0,2.0,5.0,4.0,3.0,0,1,1,1,0,1,1,1,1,1,0,1,0,0,0,0,0,1,0,0,10
272,A37WXDYYT7RCZ0,T1,1.0,37.0,4.0,4.0,3.0,2.0,2.0,3.0,2.0,2.0,2.0,1.0,1.0,1.0,3.0,3.0,3.0,3.0,4.0,2.0,3.0,4.0,2.0,0,0,1,1,0,1,1,1,1,1,1,1,1,1,0,1,0,0,0,0,12
273,A9WIOFVRSYW3L,T2,2.0,42.0,4.0,4.0,3.0,3.0,3.0,3.0,2.0,3.0,2.0,1.0,1.0,1.0,5.0,4.0,3.0,2.0,4.0,4.0,4.0,4.0,4.0,0,0,0,0,0,1,0,1,1,1,1,0,0,1,0,1,1,0,0,0,8
274,A2EDI66B0KTBEH,C,2.0,48.0,2.0,5.0,3.0,2.0,3.0,2.0,5.0,2.0,3.0,1.0,1.0,1.0,3.0,4.0,5.0,3.0,4.0,2.0,4.0,3.0,5.0,0,0,1,0,1,0,1,0,1,1,1,1,0,0,0,1,0,0,0,1,9
275,A3DZGDF9HCTAOB,C,2.0,50.0,6.0,5.0,4.0,2.0,5.0,4.0,2.0,5.0,3.0,2.0,5.0,3.0,3.0,3.0,5.0,1.0,3.0,2.0,4.0,4.0,3.0,0,0,1,0,0,1,0,0,0,0,0,1,1,0,0,0,0,0,0,0,4
276,A3GNQDFPZALU92,T1,1.0,32.0,5.0,3.0,5.0,1.0,4.0,5.0,2.0,3.0,2.0,1.0,1.0,1.0,4.0,4.0,5.0,3.0,3.0,5.0,5.0,4.0,4.0,0,0,0,0,0,1,0,1,1,1,1,0,0,0,0,0,0,1,0,0,6
277,A36H3PO6JZD414,T2,1.0,53.0,2.0,5.0,4.0,2.0,2.0,4.0,5.0,5.0,1.0,5.0,1.0,5.0,5.0,5.0,5.0,1.0,3.0,3.0,2.0,4.0,2.0,0,0,1,1,0,0,0,0,0,1,0,0,0,0,0,0,0,0,0,0,3
279,AZNIEFUIVB2H0,T1,1.0,51.0,5.0,2.0,3.0,2.0,3.0,3.0,2.0,2.0,2.0,1.0,1.0,1.0,3.0,3.0,3.0,3.0,2.0,2.0,5.0,2.0,3.0,1,0,1,0,0,1,1,1,1,1,1,1,1,1,0,0,0,1,0,0,12
280,AM2W23THD4CI7,C,2.0,54.0,4.0,2.0,5.0,2.0,5.0,4.0,3.0,2.0,3.0,2.0,2.0,5.0,4.0,3.0,5.0,1.0,5.0,5.0,2.0,5.0,5.0,1,0,1,0,0,0,1,0,0,0,0,0,1,0,0,0,0,0,1,1,6
281,A31XNLA9REVGXL,C,2.0,45.0,3.0,5.0,3.0,5.0,5.0,3.0,1.0,2.0,3.0,1.0,5.0,4.0,4.0,3.0,3.0,5.0,5.0,3.0,4.0,5.0,5.0,0,0,0,0,0,0,1,0,1,0,0,0,1,1,0,0,0,0,1,1,6
282,A3R79CYQ817AV3,T1,2.0,37.0,5.0,3.0,2.0,2.0,5.0,4.0,2.0,3.0,3.0,1.0,2.0,2.0,4.0,4.0,3.0,3.0,4.0,2.0,3.0,4.0,4.0,0,1,1,0,0,1,0,0,1,0,0,0,0,1,0,1,0,0,0,0,6
283,A21SF3IKIZB0VN,C,2.0,73.0,2.0,5.0,5.0,3.0,3.0,4.0,2.0,2.0,2.0,1.0,2.0,1.0,4.0,4.0,4.0,3.0,4.0,3.0,5.0,5.0,4.0,0,0,0,0,0,1,1,1,1,0,1,0,0,0,0,1,0,1,1,0,8
285,A147F5PJTHOB8A,T2,1.0,42.0,5.0,5.0,4.0,2.0,2.0,3.0,2.0,3.0,3.0,1.0,1.0,5.0,3.0,3.0,3.0,1.0,3.0,4.0,5.0,3.0,3.0,0,0,1,1,0,1,0,0,1,1,0,1,1,1,0,0,1,1,0,0,10
286,A37QFZ8I1TGH2C,T2,2.0,66.0,2.0,2.0,2.0,4.0,3.0,5.0,1.0,2.0,2.0,1.0,1.0,1.0,3.0,3.0,4.0,1.0,4.0,2.0,4.0,4.0,5.0,1,1,0,0,0,0,1,1,1,1,1,1,1,0,0,1,0,0,0,1,11
287,A31Z5TPD8QKE26,C,1.0,35.0,2.0,5.0,4.0,3.0,3.0,4.0,2.0,2.0,2.0,1.0,1.0,1.0,4.0,3.0,4.0,3.0,4.0,3.0,5.0,4.0,5.0,0,0,0,0,0,1,1,1,1,1,1,0,1,0,0,1,0,1,0,1,10
288,ANVXAMUEBGV8N,T2,2.0,56.0,4.0,3.0,2.0,2.0,3.0,4.0,2.0,2.0,2.0,1.0,1.0,1.0,4.0,5.0,3.0,1.0,3.0,3.0,2.0,2.0,3.0,0,1,1,0,0,1,1,1,1,1,1,0,0,1,0,0,0,0,0,0,9
289,A3TK9CLBA65ZZE,C,2.0,67.0,2.0,5.0,5.0,3.0,3.0,4.0,2.0,4.0,2.0,1.0,1.0,1.0,4.0,3.0,4.0,5.0,3.0,4.0,5.0,3.0,5.0,0,0,0,0,0,1,0,1,1,1,1,0,1,0,0,0,1,1,0,1,9
290,A2EOOF9D135HQ1,T2,1.0,43.0,1.0,2.0,5.0,4.0,3.0,3.0,2.0,2.0,2.0,2.0,1.0,3.0,5.0,3.0,5.0,3.0,3.0,4.0,5.0,4.0,5.0,1,0,0,0,0,1,1,1,0,1,0,0,1,0,0,0,1,1,0,1,9
291,A38ZGWB47QTEY6,T1,2.0,69.0,5.0,5.0,2.0,2.0,5.0,5.0,2.0,3.0,3.0,1.0,2.0,1.0,5.0,5.0,5.0,1.0,5.0,2.0,2.0,4.0,2.0,0,1,1,0,0,1,0,0,1,0,1,0,0,0,0,0,0,0,0,0,5
292,A0623383IMO25HCSBET7,T1,1.0,44.0,4.0,2.0,3.0,4.0,5.0,4.0,2.0,4.0,2.0,5.0,1.0,1.0,3.0,4.0,5.0,5.0,4.0,2.0,5.0,4.0,3.0,1,0,0,0,0,1,0,1,0,1,1,1,0,0,0,1,0,1,0,0,8
294,A13XXMDHOULEZ7,T1,2.0,42.0,4.0,5.0,4.0,2.0,5.0,4.0,1.0,3.0,3.0,2.0,2.0,2.0,4.0,5.0,3.0,5.0,3.0,5.0,3.0,4.0,3.0,0,0,1,0,0,0,0,0,0,0,0,0,0,1,0,0,0,0,0,0,2
295,A2IU5TX5S0FA1C,C,2.0,66.0,4.0,2.0,3.0,3.0,3.0,3.0,3.0,2.0,2.0,1.0,1.0,1.0,3.0,3.0,5.0,3.0,3.0,3.0,3.0,4.0,3.0,1,0,0,0,0,0,1,1,1,1,1,1,1,0,0,0,0,0,0,0,8
296,A2UF2FRGVW4T89,T2,1.0,46.0,5.0,2.0,4.0,3.0,2.0,2.0,1.0,3.0,2.0,1.0,1.0,1.0,5.0,2.0,4.0,4.0,3.0,2.0,5.0,4.0,5.0,1,0,0,1,1,0,0,1,1,1,1,0,0,0,1,0,0,1,0,1,10
297,AW0K78T4I2T72,T2,2.0,72.0,4.0,2.0,3.0,2.0,2.0,3.0,2.0,2.0,2.0,2.0,1.0,2.0,5.0,2.0,5.0,5.0,3.0,5.0,2.0,5.0,2.0,1,0,1,1,0,1,1,1,0,1,0,0,0,0,0,0,0,0,1,0,8
298,A27HVVLSZZ13XK,T1,1.0,48.0,5.0,5.0,3.0,2.0,3.0,3.0,2.0,2.0,2.0,1.0,1.0,3.0,4.0,3.0,4.0,5.0,3.0,3.0,5.0,5.0,3.0,0,0,1,0,0,1,1,1,1,1,0,0,1,0,0,0,0,1,1,0,9
299,A2MQ6VUSKCQ9FH,T2,1.0,36.0,5.0,5.0,3.0,2.0,2.0,3.0,2.0,3.0,3.0,1.0,1.0,1.0,4.0,2.0,2.0,1.0,2.0,2.0,5.0,5.0,4.0,0,0,1,1,0,1,0,0,1,1,1,0,0,0,0,0,0,1,1,0,8
300,APJJ1HHD2GGFS,C,2.0,37.0,5.0,2.0,2.0,2.0,2.0,3.0,2.0,2.0,2.0,1.0,2.0,2.0,5.0,2.0,5.0,5.0,2.0,1.0,1.0,5.0,3.0,1,1,1,1,0,1,1,1,1,0,0,0,0,0,0,0,0,0,1,0,9
301,A3SKEW89V5S0DI,T1,1.0,48.0,4.0,2.0,3.0,2.0,3.0,3.0,2.0,2.0,2.0,1.0,1.0,1.0,4.0,4.0,3.0,3.0,3.0,3.0,5.0,4.0,3.0,1,0,1,0,0,1,1,1,1,1,1,0,0,1,0,0,0,1,0,0,10
302,A1CHC8M7CWC254,C,1.0,27.0,4.0,1.0,2.0,4.0,3.0,2.0,2.0,1.0,4.0,1.0,5.0,2.0,3.0,5.0,1.0,5.0,5.0,2.0,5.0,2.0,5.0,0,1,0,0,1,1,0,0,1,0,0,1,0,0,0,0,0,1,0,1,7
303,A27BUT19WQ6P1O,T1,1.0,34.0,4.0,5.0,2.0,3.0,5.0,3.0,2.0,1.0,2.0,1.0,2.0,1.0,4.0,5.0,3.0,3.0,5.0,2.0,2.0,4.0,2.0,0,1,0,0,0,1,0,1,1,0,1,0,0,1,0,0,0,0,0,0,6
304,A1MYBMOZH043LK,C,1.0,33.0,3.0,5.0,4.0,2.0,2.0,2.0,3.0,2.0,1.0,2.0,2.0,1.0,1.0,3.0,3.0,2.0,5.0,3.0,5.0,4.0,3.0,0,0,1,1,1,0,1,0,0,0,1,0,1,1,0,0,0,1,0,0,8
305,A1BAEFJ2OG7NJ0,T2,2.0,58.0,5.0,5.0,3.0,3.0,5.0,3.0,5.0,2.0,2.0,1.0,1.0,2.0,5.0,5.0,3.0,3.0,3.0,3.0,2.0,4.0,3.0,0,0,0,0,0,0,1,1,1,1,0,0,0,1,0,0,0,0,0,0,5
306,A175PJR0W3LO8I,T2,1.0,36.0,4.0,1.0,3.0,1.0,5.0,4.0,1.0,3.0,1.0,2.0,1.0,1.0,4.0,3.0,5.0,3.0,4.0,4.0,5.0,3.0,5.0,0,0,0,0,0,0,0,0,0,1,1,0,1,0,0,1,1,1,0,1,7
307,AKX5RHHO8BIUX,T1,1.0,58.0,3.0,3.0,3.0,3.0,4.0,2.0,2.0,2.0,2.0,1.0,1.0,1.0,3.0,4.0,4.0,4.0,4.0,3.0,5.0,4.0,3.0,0,0,0,0,1,1,1,1,1,1,1,1,0,0,1,1,0,1,0,0,11
